filename,width,height,class,xmin,ymin,xmax,ymax
images87_jpg.rf.0488e9710c2eb83cb2f1ed863c52446e.jpg,640,640,Mentah,118,160,356,497
17994396-strawberries-were-not-ripe_jpg.rf.04b7b576091a1ddfa318c4637278c28b.jpg,640,640,Mentah,326,428,464,609
17994396-strawberries-were-not-ripe_jpg.rf.04b7b576091a1ddfa318c4637278c28b.jpg,640,640,Mentah,62,121,153,237
17994396-strawberries-were-not-ripe_jpg.rf.04b7b576091a1ddfa318c4637278c28b.jpg,640,640,Mentah,149,180,227,322
17994396-strawberries-were-not-ripe_jpg.rf.04b7b576091a1ddfa318c4637278c28b.jpg,640,640,Mentah,143,243,271,435
craiyon_010125_real_like_Strawberry_from_various_angles__png_jpg.rf.02bb3a48972df6a491b779df1744c4fe.jpg,640,640,Matang,99,145,507,631
craiyon_001530_real_like_Strawberry_from_various_angles__png_jpg.rf.07799781a15a613a0df1b72afdb99e83.jpg,640,640,Matang,69,254,419,500
craiyon_001530_real_like_Strawberry_from_various_angles__png_jpg.rf.07799781a15a613a0df1b72afdb99e83.jpg,640,640,Matang,270,81,554,342
V006_77_0_00_04_01_13_0_c17_20201218_0318_S01_1_jpg.rf.019fddba73843c7512c7699322a5186c.jpg,640,640,Mentah,225,199,495,483
V006_77_0_00_04_01_13_0_c17_20201218_0537_S01_1_jpg.rf.06e842406c3af46a3d1e4dcc3b823b59.jpg,640,640,Mentah,180,253,400,375
V006_77_0_00_04_01_13_0_c17_20201218_0537_S01_1_jpg.rf.06e842406c3af46a3d1e4dcc3b823b59.jpg,640,640,Mentah,338,501,526,640
craiyon_003346_real_like_Strawberry_from_various_angles__png_jpg.rf.081cd1f23403481bc925cdc32857d006.jpg,640,640,Matang,154,215,606,565
craiyon_002436_real_like_Strawberry_from_various_angles__png_jpg.rf.041d021f04547c78f9d8f973313f014f.jpg,640,640,Matang,3,127,522,557
craiyon_000951_real_like_Strawberry_from_various_angles__png_jpg.rf.02ad6e551a5188d7723eac0b75f36bc3.jpg,640,640,Matang,156,108,533,599
734538358_1b05687647_z_jpg.rf.0a7b2eb2d0eaedd490a96789ca684b05.jpg,640,640,Mentah,169,138,563,592
734538358_1b05687647_z_jpg.rf.0a7b2eb2d0eaedd490a96789ca684b05.jpg,640,640,Matang,5,406,319,640
craiyon_005905_real_like_Strawberry_from_various_angles__png_jpg.rf.0e490dfeeba06006c8e811290c7f80c2.jpg,640,640,Matang,24,86,591,549
craiyon_002801_real_like_Strawberry_from_various_angles__png_jpg.rf.0d01f95df030ba057deebe1e7f6c4ec6.jpg,640,640,Matang,66,100,503,546
V006_77_0_00_04_01_13_0_c18_20201203_0023_S01_1_JPG_jpg.rf.0ba9885eb143fefd53d54caa8bfcf869.jpg,640,640,Mentah,262,215,487,476
V006_77_0_00_04_01_13_0_c14_20201203_0018_S01_1_jpg.rf.0e1eb3d2ed7a74837a88bf9dba2fdb63.jpg,640,640,Mentah,173,129,501,348
craiyon_000629_real_like_Strawberry_from_various_angles__png_jpg.rf.0cf13168d0ccc891cf62a2ab96eea625.jpg,640,640,Matang,61,7,588,640
craiyon_010239_real_like_Strawberry_from_various_angles__png_jpg.rf.054ccbe8790f940cbfb768120c8f6344.jpg,640,640,Matang,0,27,570,545
pickled-strawberries-cheeseboards-021-d110361_horiz_jpg.rf.0dc83762570c33a3caedc67751191ec2.jpg,640,640,Mentah,173,192,333,408
pickled-strawberries-cheeseboards-021-d110361_horiz_jpg.rf.0dc83762570c33a3caedc67751191ec2.jpg,640,640,Mentah,387,359,526,593
pickled-strawberries-cheeseboards-021-d110361_horiz_jpg.rf.0dc83762570c33a3caedc67751191ec2.jpg,640,640,Mentah,190,412,372,620
pickled-strawberries-cheeseboards-021-d110361_horiz_jpg.rf.0dc83762570c33a3caedc67751191ec2.jpg,640,640,Mentah,363,47,525,358
pickled-strawberries-cheeseboards-021-d110361_horiz_jpg.rf.0dc83762570c33a3caedc67751191ec2.jpg,640,640,Mentah,189,0,328,226
V006_77_1_07_04_02_13_3_3248b_20201219_120126_jpg.rf.02a4ea7c5893133b6755665d065d5a88.jpg,640,640,Mentah,278,118,439,244
V006_77_0_00_04_01_13_0_c17_20201218_0683_S01_1_jpg.rf.11b1db6632627b82a05f1475bca7a9f1.jpg,640,640,Mentah,211,237,374,429
strawberry-1566-_jpg.rf.123ec8acbcf1335b2bad3806754d0852.jpg,640,640,Mentah,218,282,475,492
V006_77_1_08_04_01_13_3_6135w_20201219_123251_jpg.rf.118bdc36b14c4988245a5f920a917c4d.jpg,640,640,Mentah,288,260,500,414
craiyon_010451_real_like_Strawberry_from_various_angles__png_jpg.rf.0fa0aa87b8d123ba9765a8c00a2a2631.jpg,640,640,Matang,134,44,640,634
V006_77_0_00_04_01_13_0_c14_20201215_0047_S01_1_jpg.rf.1152f27106af73e1d0def0648939c139.jpg,640,640,Mentah,180,188,496,404
V006_77_0_00_04_01_13_0_c14_20201215_0047_S01_1_jpg.rf.1152f27106af73e1d0def0648939c139.jpg,640,640,Mentah,488,200,640,356
craiyon_003237_real_like_Strawberry_from_various_angles__png_jpg.rf.09fb3730859f27a80abb5cb70ea088e9.jpg,640,640,Matang,46,70,584,567
sp52613_jpg.rf.116a3bccaa0927ec2fcde6b81df30042.jpg,640,640,Mentah,442,110,598,270
sp52613_jpg.rf.116a3bccaa0927ec2fcde6b81df30042.jpg,640,640,Mentah,441,270,601,415
sp52613_jpg.rf.116a3bccaa0927ec2fcde6b81df30042.jpg,640,640,Mentah,435,419,601,594
sp52613_jpg.rf.116a3bccaa0927ec2fcde6b81df30042.jpg,640,640,Mentah,46,450,184,588
sp52613_jpg.rf.116a3bccaa0927ec2fcde6b81df30042.jpg,640,640,Mentah,20,116,160,258
sp52613_jpg.rf.116a3bccaa0927ec2fcde6b81df30042.jpg,640,640,Mentah,211,360,357,503
sp52613_jpg.rf.116a3bccaa0927ec2fcde6b81df30042.jpg,640,640,Mentah,180,167,315,302
sp52613_jpg.rf.116a3bccaa0927ec2fcde6b81df30042.jpg,640,640,Mentah,259,485,415,615
sp52613_jpg.rf.116a3bccaa0927ec2fcde6b81df30042.jpg,640,640,Mentah,181,42,328,162
craiyon_000739_real_like_Strawberry_from_various_angles__png_jpg.rf.0fe3c0e0cd442f2f9ba976aafc1e8d87.jpg,640,640,Matang,0,101,532,581
6_png_jpg.rf.0e570a813b1081238986bcabc73be13b.jpg,640,640,Mentah,463,318,520,404
6_png_jpg.rf.0e570a813b1081238986bcabc73be13b.jpg,640,640,Mentah,368,299,441,454
6_png_jpg.rf.0e570a813b1081238986bcabc73be13b.jpg,640,640,Mentah,248,322,302,411
6_png_jpg.rf.0e570a813b1081238986bcabc73be13b.jpg,640,640,Mentah,0,191,38,275
craiyon_000043_real_like_Strawberry_from_various_angles__png_jpg.rf.1854b294b0a63340293be1ed29f1c76e.jpg,640,640,Matang,25,83,586,579
craiyon_005208_real_like_Strawberry_from_various_angles__png_jpg.rf.12c9a0ee48c5695a893f30763bb852e8.jpg,640,640,Matang,96,111,551,493
craiyon_003019_real_like_Strawberry_from_various_angles__png_jpg.rf.12c0ca02f9f9b1c18dbe383c1fdb1407.jpg,640,640,Matang,129,173,491,559
craiyon_010127_real_like_Strawberry_from_various_angles__png_jpg.rf.16a91a66223a9e416c89c8a9c3ba0563.jpg,640,640,Matang,0,86,501,554
V006_77_0_00_04_01_13_0_c14_20201203_0021_S01_1_jpg.rf.169f2c6b7a3301b438d9daa4f6eddf19.jpg,640,640,Mentah,257,262,495,372
V006_77_0_00_04_01_13_0_c17_20201218_0673_S01_1_jpg.rf.168a30d4045257b374ff7b5704ba8ccc.jpg,640,640,Mentah,21,179,184,301
V006_77_0_00_04_01_13_0_c17_20201218_0673_S01_1_jpg.rf.168a30d4045257b374ff7b5704ba8ccc.jpg,640,640,Mentah,198,235,422,397
V006_77_0_00_04_01_13_0_c17_20201218_0673_S01_1_jpg.rf.168a30d4045257b374ff7b5704ba8ccc.jpg,640,640,Mentah,467,367,624,562
craiyon_002548_real_like_Strawberry_from_various_angles__png_jpg.rf.19a08c95980e1b8433794f2e9a674c8e.jpg,640,640,Matang,95,83,523,640
craiyon_000843_real_like_Strawberry_from_various_angles__png_jpg.rf.17a46ec5dd0ca7a5ebd9ad0e9846c3cb.jpg,640,640,Matang,14,71,581,604
V006_77_0_00_04_01_13_0_c14_20201203_0084_S01_1_jpg.rf.1b41a191bd5fd78f84fcd6fb8693a2c0.jpg,640,640,Mentah,218,88,517,290
craiyon_000732_real_like_Strawberry_from_various_angles__png_jpg.rf.19e95efd7967827c101aa4c1828f5748.jpg,640,640,Matang,0,70,540,575
V006_77_1_07_04_01_13_3_6135w_20201126_14_jpg.rf.07e1d689c975ebd420e60c75a9e36b7d.jpg,640,640,Mentah,272,177,497,410
craiyon_001422_real_like_Strawberry_from_various_angles__png_jpg.rf.17eb7b85217fbd4af0a7a4bcf2d1b657.jpg,640,640,Matang,140,98,606,561
V006_77_0_00_04_01_13_0_c15_20201203_0004_S01_1_jpg.rf.1bf3c728c6c110a860ac1a1b93295ad2.jpg,640,640,Mentah,198,223,481,389
craiyon_003236_real_like_Strawberry_from_various_angles_-1-_png_jpg.rf.0a54ce6b2f4a2578d448806ab0b59b4a.jpg,640,640,Matang,19,69,210,259
craiyon_003236_real_like_Strawberry_from_various_angles_-1-_png_jpg.rf.0a54ce6b2f4a2578d448806ab0b59b4a.jpg,640,640,Matang,23,312,213,543
craiyon_003236_real_like_Strawberry_from_various_angles_-1-_png_jpg.rf.0a54ce6b2f4a2578d448806ab0b59b4a.jpg,640,640,Matang,207,354,386,611
craiyon_003236_real_like_Strawberry_from_various_angles_-1-_png_jpg.rf.0a54ce6b2f4a2578d448806ab0b59b4a.jpg,640,640,Matang,250,153,467,375
craiyon_003236_real_like_Strawberry_from_various_angles_-1-_png_jpg.rf.0a54ce6b2f4a2578d448806ab0b59b4a.jpg,640,640,Matang,387,395,591,623
craiyon_003236_real_like_Strawberry_from_various_angles_-1-_png_jpg.rf.0a54ce6b2f4a2578d448806ab0b59b4a.jpg,640,640,Matang,471,220,640,439
craiyon_003236_real_like_Strawberry_from_various_angles_-1-_png_jpg.rf.0a54ce6b2f4a2578d448806ab0b59b4a.jpg,640,640,Matang,422,15,640,220
V006_77_0_00_04_01_13_0_c17_20201218_0518_S01_1_jpg.rf.1c617246238f9f6ce145f8b2a2ea9db3.jpg,640,640,Mentah,170,276,374,391
craiyon_005210_real_like_Strawberry_from_various_angles__png_jpg.rf.18c1c5c3cb49fbb23214cd9931c750a1.jpg,640,640,Matang,85,52,540,639
craiyon_005322_real_like_Strawberry_from_various_angles__png_jpg.rf.19728bedc6beea6594973888f7dad91d.jpg,640,640,Matang,130,188,508,640
craiyon_004626_real_like_Strawberry_from_various_angles__png_jpg.rf.20adf92d3a68e2677debaf8d9a364272.jpg,640,640,Matang,384,92,640,474
craiyon_004626_real_like_Strawberry_from_various_angles__png_jpg.rf.20adf92d3a68e2677debaf8d9a364272.jpg,640,640,Matang,23,199,385,575
86645034_jpg.rf.136a8d04209d0a12996c1d94a4fcdb58.jpg,640,640,Mentah,110,373,280,511
86645034_jpg.rf.136a8d04209d0a12996c1d94a4fcdb58.jpg,640,640,Mentah,286,382,415,498
86645034_jpg.rf.136a8d04209d0a12996c1d94a4fcdb58.jpg,640,640,Mentah,233,475,327,552
86645034_jpg.rf.136a8d04209d0a12996c1d94a4fcdb58.jpg,640,640,Mentah,144,480,223,558
86645034_jpg.rf.136a8d04209d0a12996c1d94a4fcdb58.jpg,640,640,Mentah,253,570,331,624
images125_jpg.rf.1e380bc86684f5f1854407a6c4d3b30f.jpg,640,640,Mentah,156,180,548,545
craiyon_001853_real_like_Strawberry_from_various_angles__png_jpg.rf.1edbbb5244a9eba9e3c2f1e6a4a8eefc.jpg,640,640,Matang,70,106,600,513
Strawberry-Unripe-Fruit-Immature-Yellow-Strawberry-5516260_jpg.rf.1f8681bd905d412ea706770ee0456747.jpg,640,640,Mentah,182,68,459,575
unripe-strawberry-with-leaves_151349-1162_jpg.rf.1f15df468aabd1df3ce9ea2fb8c9969e.jpg,640,640,Mentah,143,133,484,634
V006_77_1_08_04_01_13_3_3108w_20201219_123135_jpg.rf.1ad63144698a1abd48941108f66c47e3.jpg,640,640,Mentah,122,159,386,352
V006_77_1_08_04_01_13_3_3108w_20201219_123135_jpg.rf.1ad63144698a1abd48941108f66c47e3.jpg,640,640,Mentah,8,341,242,506
craiyon_001751_real_like_Strawberry_from_various_angles__png_jpg.rf.189dbd0bccddb00800b5e4a25c35a231.jpg,640,640,Matang,65,144,533,516
V006_77_0_00_04_01_13_0_c17_20201218_0492_S01_1_jpg.rf.1c030d985fe46227f75f0937f081ea86.jpg,640,640,Mentah,10,399,273,573
V006_77_0_00_04_01_13_0_c17_20201218_0492_S01_1_jpg.rf.1c030d985fe46227f75f0937f081ea86.jpg,640,640,Mentah,212,256,459,386
V006_77_0_00_04_01_13_0_c17_20201218_0492_S01_1_jpg.rf.1c030d985fe46227f75f0937f081ea86.jpg,640,640,Mentah,80,35,211,167
depositphotos_80427398-stock-photo-strawberry-that-is-unripe-what_jpg.rf.1f45a64d923cc667debbf1ce74e973e4.jpg,640,640,Mentah,167,237,503,473
V006_77_0_00_04_01_13_0_c17_20201218_0464_S01_1_jpg.rf.1e64701a76a918519d33aa37bc24ed2b.jpg,640,640,Mentah,232,280,358,516
craiyon_001209_real_like_Strawberry_from_various_angles_-1-_png_jpg.rf.232c885adb951f7a9b132c95ef939c70.jpg,640,640,Matang,35,2,563,485
craiyon_003923_real_like_Strawberry_from_various_angles__png_jpg.rf.1c7a9807b8dd8263b94db8389581ce6b.jpg,640,640,Matang,139,134,521,490
craiyon_002654_real_like_Strawberry_from_various_angles_-1-_png_jpg.rf.21cc8424870c88a864dbf888fd14fbbb.jpg,640,640,Matang,141,88,620,558
craiyon_003129_real_like_Strawberry_from_various_angles_-1-_png_jpg.rf.23da9678d989506fc7585178cd95c4c7.jpg,640,640,Matang,39,84,622,540
craiyon_004621_real_like_Strawberry_from_various_angles__png_jpg.rf.2290d7022b05c4baf0a407b29700e8c0.jpg,640,640,Matang,34,104,566,640
V006_77_0_00_04_01_13_0_c15_20201203_0031_S01_1_jpg.rf.24f31a899f47456b0fedd81c3d3c2b87.jpg,640,640,Mentah,143,217,465,396
craiyon_010347_real_like_Strawberry_from_various_angles__png_jpg.rf.1d1fef20d9e44995d75331ea6285c2a1.jpg,640,640,Matang,66,125,515,623
craiyon_002656_real_like_Strawberry_from_various_angles__png_jpg.rf.28a6cd0ee915d44c0fcb543cd69aff37.jpg,640,640,Matang,0,27,640,615
craiyon_001639_real_like_Strawberry_from_various_angles__png_jpg.rf.225a4767c428fff2bce3357932e14661.jpg,640,640,Matang,8,89,640,530
V006_77_0_00_04_01_13_0_b07_20201127_0037_S01_1_jpg.rf.28457c97af64c318cfc1375c44fae800.jpg,640,640,Mentah,88,162,309,511
craiyon_003018_real_like_Strawberry_from_various_angles__png_jpg.rf.26e06e96539c85350bcbd7b0da8a7afa.jpg,640,640,Matang,0,63,450,575
craiyon_003815_real_like_Strawberry_from_various_angles__png_jpg.rf.1274d23192ac980777d6f1f12afe7f9e.jpg,640,640,Matang,317,152,640,525
craiyon_000624_real_like_Strawberry_from_various_angles__png_jpg.rf.28d67918cd1243471ca8b7bbf929863f.jpg,640,640,Matang,76,53,597,640
craiyon_002914_real_like_Strawberry_from_various_angles__png_jpg.rf.28e2d812e43605d97a7f8418af96949c.jpg,640,640,Matang,0,106,580,562
craiyon_002329_real_like_Strawberry_from_various_angles_-1-_png_jpg.rf.2abc1f68913fc24db69b291d419981f2.jpg,640,640,Matang,0,173,426,585
craiyon_002329_real_like_Strawberry_from_various_angles_-1-_png_jpg.rf.2abc1f68913fc24db69b291d419981f2.jpg,640,640,Matang,347,130,640,547
images91_jpg.rf.280fbb1194ba107514e29ecc2fcd9722.jpg,640,640,Mentah,197,210,414,475
images91_jpg.rf.280fbb1194ba107514e29ecc2fcd9722.jpg,640,640,Mentah,512,372,640,637
craiyon_000259_real_like_Strawberry_from_various_angles__png_jpg.rf.29709fd8caba13e6613369a20cf31566.jpg,640,640,Matang,73,87,630,572
craiyon_004407_real_like_Strawberry_from_various_angles__png_jpg.rf.2be3e04650a7070fe4ee4d2da2686835.jpg,640,640,Matang,77,150,565,640
V006_77_1_08_04_01_13_2_3248b_20201209_140_jpg.rf.2305d9838e29c56437fd0dbb2ddd2ea4.jpg,640,640,Mentah,134,199,599,467
craiyon_002218_real_like_Strawberry_from_various_angles__png_jpg.rf.2cbbd448508da55da8ed6df793bcd7e4.jpg,640,640,Matang,62,127,552,604
craiyon_004730_real_like_Strawberry_from_various_angles_-1-_png_jpg.rf.2d8a7e25b3a91e3e3593ed691a63d4bd.jpg,640,640,Matang,362,244,640,548
craiyon_004730_real_like_Strawberry_from_various_angles_-1-_png_jpg.rf.2d8a7e25b3a91e3e3593ed691a63d4bd.jpg,640,640,Matang,0,56,394,568
craiyon_000733_real_like_Strawberry_from_various_angles__png_jpg.rf.24663e8de760d2b884c79cb3d2443fa2.jpg,640,640,Matang,88,127,567,530
V006_77_0_00_04_01_13_0_c14_20201203_0021_S01_1_jpg.rf.2daa9097a36fcad35db782cf1954c16f.jpg,640,640,Mentah,155,262,378,379
craiyon_000408_real_like_Strawberry_from_various_angles__png_jpg.rf.2ee182ce09656dac30e8048a7558d216.jpg,640,640,Matang,89,107,539,579
green-unripe-strawberry-photo_jpg.rf.2da79c9d0f3fb7357f6c1954629c6fda.jpg,640,640,Mentah,86,270,247,525
green-unripe-strawberry-photo_jpg.rf.2da79c9d0f3fb7357f6c1954629c6fda.jpg,640,640,Mentah,217,191,390,485
craiyon_010559_real_like_Strawberry_from_various_angles__png_jpg.rf.2995ad7dae40e941d6d839c860349a69.jpg,640,640,Matang,56,116,482,513
craiyon_003348_real_like_Strawberry_from_various_angles__png_jpg.rf.3066bbef1923a76508cff505333236f1.jpg,640,640,Matang,40,124,609,546
craiyon_002007_real_like_Strawberry_from_various_angles__png_jpg.rf.31e3cc8db6e3365a35d507496651f18c.jpg,640,640,Matang,21,121,602,626
craiyon_010600_real_like_Strawberry_from_various_angles__png_jpg.rf.2b12f136f22b39485d8d410aae6e6015.jpg,640,640,Matang,0,200,310,579
craiyon_010600_real_like_Strawberry_from_various_angles__png_jpg.rf.2b12f136f22b39485d8d410aae6e6015.jpg,640,640,Matang,287,75,574,303
craiyon_010600_real_like_Strawberry_from_various_angles__png_jpg.rf.2b12f136f22b39485d8d410aae6e6015.jpg,640,640,Matang,316,310,633,575
craiyon_004841_real_like_Strawberry_from_various_angles__png_jpg.rf.21403141b74f71644ae869c90df18a88.jpg,640,640,Matang,87,158,460,520
r_136_100_jpg.rf.34c412e3c7d3db72586b7a356016ef38.jpg,640,640,Mentah,38,87,595,583
V006_77_0_00_04_01_13_0_c14_20201215_0049_S01_1_jpg.rf.27ffa61c5306b2532855f17b5601f629.jpg,640,640,Mentah,263,184,480,340
craiyon_002657_real_like_Strawberry_from_various_angles__png_jpg.rf.2de9a4aa64e04b341103e679989a99e1.jpg,640,640,Matang,35,105,497,519
craiyon_010235_real_like_Strawberry_from_various_angles__png_jpg.rf.373205eeeaba8f16a2d1cdca09c5b41b.jpg,640,640,Matang,82,90,497,544
craiyon_004035_real_like_Strawberry_from_various_angles__png_jpg.rf.3666859047051581c203833f9dadbae0.jpg,640,640,Matang,7,64,640,548
craiyon_000412_real_like_Strawberry_from_various_angles__png_jpg.rf.3873a97a13a64790fc96ec55cf835a57.jpg,640,640,Matang,119,174,527,621
V006_77_1_08_04_01_13_3_6135w_20201219_122755_jpg.rf.3d1d51646a3528726785277bc55ba78e.jpg,640,640,Mentah,108,162,240,336
V006_77_1_08_04_01_13_3_6135w_20201219_122755_jpg.rf.3d1d51646a3528726785277bc55ba78e.jpg,640,640,Mentah,260,212,395,384
craiyon_003816_real_like_Strawberry_from_various_angles__png_jpg.rf.33ce34d413cbb82e3c027f3e117525ff.jpg,640,640,Matang,6,81,564,530
craiyon_001533_real_like_Strawberry_from_various_angles_-1-_png_jpg.rf.2b7c0b0dc5b6c0b50763a9b981fee031.jpg,640,640,Matang,267,254,629,554
craiyon_001533_real_like_Strawberry_from_various_angles_-1-_png_jpg.rf.2b7c0b0dc5b6c0b50763a9b981fee031.jpg,640,640,Matang,172,123,435,476
craiyon_001533_real_like_Strawberry_from_various_angles_-1-_png_jpg.rf.2b7c0b0dc5b6c0b50763a9b981fee031.jpg,640,640,Matang,3,139,244,549
strawberry-1557-_jpg.rf.2b4a174ec701afec0a3aba4e1585b4f5.jpg,640,640,Mentah,27,157,263,444
strawberry-1557-_jpg.rf.2b4a174ec701afec0a3aba4e1585b4f5.jpg,640,640,Mentah,383,162,591,473
craiyon_002806_real_like_Strawberry_from_various_angles__png_jpg.rf.3feecadf0748597cd68ba1abf9635709.jpg,640,640,Matang,121,95,525,595
craiyon_001315_real_like_Strawberry_from_various_angles__png_jpg.rf.39616ecc6ce2c3a2b2b76f57168eb5e7.jpg,640,640,Matang,162,152,468,573
V006_77_1_08_04_02_13_1_3248b_20201209_139_jpg.rf.416d45d0cc4a92026bde768ced913e53.jpg,640,640,Mentah,312,230,440,378
il_fullxfull-4034185077_f9sv_jpg.rf.3ee73eed5f9eea97f023aa305451b354.jpg,640,640,Mentah,121,162,479,640
craiyon_002549_real_like_Strawberry_from_various_angles__png_jpg.rf.2d50e0c8215e16e6e5e36b6e89b3ff9b.jpg,640,640,Matang,23,31,570,611
craiyon_010232_real_like_Strawberry_from_various_angles__png_jpg.rf.31f75ec2234762731cc4c0a13cab1e9a.jpg,640,640,Matang,132,121,575,585
strawberry-576-_jpg.rf.40d73fb73a8741a16d557ee4b34f6598.jpg,640,640,Mentah,184,41,456,640
V006_77_1_08_04_01_13_3_3108w_20201219_132254_jpg.rf.3e8491ded1287ab4bd4238fcb0603992.jpg,640,640,Mentah,209,85,460,447
craiyon_001314_real_like_Strawberry_from_various_angles__png_jpg.rf.432ebf3e7cc4180eef46e301bb1b7741.jpg,640,640,Matang,145,145,520,526
craiyon_004619_real_like_Strawberry_from_various_angles__png_jpg.rf.428a749ee43f35ec7b920e88a87d1a09.jpg,640,640,Matang,87,169,502,562
craiyon_005540_real_like_Strawberry_from_various_angles__png_jpg.rf.434051302650164decb42aa17a321f2f.jpg,640,640,Matang,50,333,383,565
craiyon_005540_real_like_Strawberry_from_various_angles__png_jpg.rf.434051302650164decb42aa17a321f2f.jpg,640,640,Matang,90,69,341,311
craiyon_005540_real_like_Strawberry_from_various_angles__png_jpg.rf.434051302650164decb42aa17a321f2f.jpg,640,640,Matang,342,143,629,432
craiyon_010126_real_like_Strawberry_from_various_angles__png_jpg.rf.38da58fdc08f570f538ad02f03fd2af4.jpg,640,640,Matang,104,138,512,640
V006_77_0_00_04_01_13_0_c17_20201218_0468_S01_1_jpg.rf.3ccb823b9d64b3da8cc8fb04eb1a4132.jpg,640,640,Mentah,246,252,383,469
V006_77_0_00_04_01_13_0_c17_20201218_0468_S01_1_jpg.rf.3ccb823b9d64b3da8cc8fb04eb1a4132.jpg,640,640,Mentah,487,271,635,430
craiyon_005757_real_like_Strawberry_from_various_angles__png_jpg.rf.430732df06af35ef2913dc47320cd646.jpg,640,640,Matang,128,100,529,535
craiyon_000516_real_like_Strawberry_from_various_angles__png_jpg.rf.41763c0305e0601fb9659582305725e4.jpg,640,640,Matang,41,111,536,630
V006_77_1_08_04_01_13_3_6135w_20201219_123501_jpg.rf.433cbd14b11fb3d54afec869745d8539.jpg,640,640,Mentah,228,225,420,383
V006_77_1_08_04_01_13_3_6135w_20201219_123501_jpg.rf.433cbd14b11fb3d54afec869745d8539.jpg,640,640,Mentah,287,122,376,183
V006_77_1_07_04_01_13_3_4660w_20201209_30_jpg.rf.4568258b2ad411833bc70163b6bbf47e.jpg,640,640,Mentah,169,182,307,351
V006_77_1_07_04_01_13_3_4660w_20201209_30_jpg.rf.4568258b2ad411833bc70163b6bbf47e.jpg,640,640,Mentah,375,357,472,510
craiyon_002800_real_like_Strawberry_from_various_angles__png_jpg.rf.45ae5d0961462358a619eba5d292dff6.jpg,640,640,Matang,63,103,287,388
craiyon_002800_real_like_Strawberry_from_various_angles__png_jpg.rf.45ae5d0961462358a619eba5d292dff6.jpg,640,640,Matang,331,348,510,580
craiyon_002800_real_like_Strawberry_from_various_angles__png_jpg.rf.45ae5d0961462358a619eba5d292dff6.jpg,640,640,Matang,424,152,604,373
510175383_fa745238c3_b_jpg.rf.48cd874bb547f7bf9b773da3e64f5c3b.jpg,640,640,Mentah,321,169,551,604
510175383_fa745238c3_b_jpg.rf.48cd874bb547f7bf9b773da3e64f5c3b.jpg,640,640,Mentah,28,174,302,593
strawberry-569-_jpg.rf.3420aa537f77f320815be45813d19f9b.jpg,640,640,Mentah,158,166,511,640
V006_77_0_00_04_01_13_0_c25_20201216_0011_S01_2_jpg.rf.3a283887cd424dc901c0f44e37215c5f.jpg,640,640,Mentah,51,80,549,591
V006_77_0_00_04_01_13_0_c15_20201215_0045_S01_1_jpg.rf.41b4a5ae80736a8b27dd7bccd9df1dbd.jpg,640,640,Mentah,128,187,534,453
r_135_100_jpg.rf.3e0e5e07849c138bfb34551960580768.jpg,640,640,Mentah,38,103,593,579
V006_77_0_00_04_01_13_0_c17_20201218_0508_S01_1_jpg.rf.47b8f6805c85ff615aa6dd60e1b1190d.jpg,640,640,Mentah,209,245,385,452
craiyon_002223_real_like_Strawberry_from_various_angles__png_jpg.rf.479fa3f4c922cbfd4dac47ded74d1c42.jpg,640,640,Matang,148,163,520,583
craiyon_001636_real_like_Strawberry_from_various_angles__png_jpg.rf.4386c0ef7d8de9a87daef2a32984db9a.jpg,640,640,Mentah,87,160,529,625
images126_jpg.rf.473ab40f901957cbddc1375aef3c7934.jpg,640,640,Mentah,260,172,454,530
craiyon_002544_real_like_Strawberry_from_various_angles__png_jpg.rf.493fee0c4ef47d757537cc847c0f00cf.jpg,640,640,Matang,19,134,615,640
766a0b4b9aa037d2dbf4ea06c236aa4e_jpg.rf.4010f7b5997f5eb5ae4d5b0c54a19d6c.jpg,640,640,Mentah,255,64,535,480
766a0b4b9aa037d2dbf4ea06c236aa4e_jpg.rf.4010f7b5997f5eb5ae4d5b0c54a19d6c.jpg,640,640,Mentah,6,276,248,638
782260hdb4dt47_jpg.rf.43d5f5651ed171a4f760e1f4ef593b3c.jpg,640,640,Mentah,185,300,348,529
782260hdb4dt47_jpg.rf.43d5f5651ed171a4f760e1f4ef593b3c.jpg,640,640,Mentah,267,208,360,352
craiyon_000950_real_like_Strawberry_from_various_angles__png_jpg.rf.4b070ea6a411c67cad4f2b9760eb1e8f.jpg,640,640,Matang,53,93,612,573
craiyon_001747_real_like_Strawberry_from_various_angles__png_jpg.rf.4c5e37a63954cea46f8b066c32cefe4a.jpg,640,640,Matang,145,136,507,569
craiyon_004149_real_like_Strawberry_from_various_angles__png_jpg.rf.4c9888c08af41ab8a351be0a43d01dd3.jpg,640,640,Matang,0,116,425,599
craiyon_004149_real_like_Strawberry_from_various_angles__png_jpg.rf.4c9888c08af41ab8a351be0a43d01dd3.jpg,640,640,Matang,382,136,612,505
craiyon_002111_real_like_Strawberry_from_various_angles__png_jpg.rf.4d7a62d06a9e589906f17020e5635f30.jpg,640,640,Matang,23,90,531,464
craiyon_001644_real_like_Strawberry_from_various_angles__png_jpg.rf.393b110e53f30d685648bc96d0fd5314.jpg,640,640,Matang,4,82,593,578
craiyon_003235_real_like_Strawberry_from_various_angles__png_jpg.rf.4ce15dbce9269e5039d8866021021644.jpg,640,640,Matang,0,123,630,585
craiyon_004950_real_like_Strawberry_from_various_angles__png_jpg.rf.5027978998258372a5d0137a5625f991.jpg,640,640,Matang,0,58,640,600
craiyon_010231_real_like_Strawberry_from_various_angles__png_jpg.rf.4ea251958531e18cb8e8fb332bdc4faf.jpg,640,640,Matang,102,37,558,640
craiyon_000152_real_like_Strawberry_from_various_angles_-1-_png_jpg.rf.51397ca4318ad7318eeae25cf61efa9e.jpg,640,640,Matang,0,87,334,528
craiyon_000152_real_like_Strawberry_from_various_angles_-1-_png_jpg.rf.51397ca4318ad7318eeae25cf61efa9e.jpg,640,640,Matang,447,137,640,537
V006_77_0_00_04_01_13_0_c14_20201215_0205_S01_1_jpg.rf.489daec409fa094841979eca05785985.jpg,640,640,Mentah,143,362,292,447
V006_77_0_00_04_01_13_0_c14_20201215_0205_S01_1_jpg.rf.489daec409fa094841979eca05785985.jpg,640,640,Mentah,273,242,440,350
V006_77_0_00_04_01_13_0_b07_20201111_0004_S01_1_jpg.rf.511dbe43373a7c56c73582c5ae4fc646.jpg,640,640,Mentah,148,104,408,577
craiyon_002652_real_like_Strawberry_from_various_angles__png_jpg.rf.54e55d2b37694c39eb375e06a4a5373f.jpg,640,640,Matang,3,82,585,538
craiyon_000951_real_like_Strawberry_from_various_angles_-1-_png_jpg.rf.507ac497a63487abd046133c1a133448.jpg,640,640,Matang,56,116,549,640
craiyon_000042_real_like_Strawberry_from_various_angles__png_jpg.rf.4ff791f80a40c1632045702fb72dde02.jpg,640,640,Matang,211,101,541,471
craiyon_000847_real_like_Strawberry_from_various_angles__png_jpg.rf.57e4218d70f8d1a269ba0099d4b416c0.jpg,640,640,Matang,0,194,353,588
craiyon_000847_real_like_Strawberry_from_various_angles__png_jpg.rf.57e4218d70f8d1a269ba0099d4b416c0.jpg,640,640,Matang,213,104,640,534
V006_77_0_00_04_01_13_0_c14_20201215_0050_S01_1_jpg.rf.4e7b55d47d80e0ed1575cf73dc3d03ed.jpg,640,640,Mentah,215,152,452,265
strawberry-green-and-unripe-form-showing-the-seeds-just-needs-to-ripen-to-become-a-local-fresh-seasonnal-sweet-fruit-food-a-great-british-crop-W4P8A8_jpg.rf.5641590a75d4877442df96f3b24e29c7.jpg,640,640,Mentah,141,92,510,503
V006_77_1_08_04_01_13_3_3108w_20201219_124140_jpg.rf.553d6d0916cdca6ecf36d0908e3fc5eb.jpg,640,640,Mentah,175,292,409,453
V006_77_0_00_04_01_13_0_c15_20201215_0034_S01_1_jpg.rf.54b43e6bd51800253a40543a0058cf66.jpg,640,640,Mentah,120,240,513,433
craiyon_004144_real_like_Strawberry_from_various_angles__png_jpg.rf.5682e3e84a00b000a907377c443c093f.jpg,640,640,Matang,45,323,244,544
craiyon_004144_real_like_Strawberry_from_various_angles__png_jpg.rf.5682e3e84a00b000a907377c443c093f.jpg,640,640,Matang,283,188,514,420
light-green-unripe-strawberries-bush-green-leaves-growing-ground-concept-care-growing-berries-garden-169788427_jpg.rf.4d38779c7904ba2ef8a908658dc8f602.jpg,640,640,Mentah,341,427,427,595
light-green-unripe-strawberries-bush-green-leaves-growing-ground-concept-care-growing-berries-garden-169788427_jpg.rf.4d38779c7904ba2ef8a908658dc8f602.jpg,640,640,Mentah,245,385,304,495
light-green-unripe-strawberries-bush-green-leaves-growing-ground-concept-care-growing-berries-garden-169788427_jpg.rf.4d38779c7904ba2ef8a908658dc8f602.jpg,640,640,Mentah,298,233,366,333
light-green-unripe-strawberries-bush-green-leaves-growing-ground-concept-care-growing-berries-garden-169788427_jpg.rf.4d38779c7904ba2ef8a908658dc8f602.jpg,640,640,Mentah,422,119,490,229
light-green-unripe-strawberries-bush-green-leaves-growing-ground-concept-care-growing-berries-garden-169788427_jpg.rf.4d38779c7904ba2ef8a908658dc8f602.jpg,640,640,Mentah,532,62,605,174
V006_77_0_00_04_01_13_0_c14_20201201_0026_S01_1_jpg.rf.5a4d41af932e06f6f154e7f8d46b255e.jpg,640,640,Mentah,120,192,429,390
V006_77_1_08_04_01_13_2_3248b_20201209_147_jpg.rf.582b3bd380cbe33daee6f5c2a8152454.jpg,640,640,Mentah,235,308,401,420
V006_77_1_08_04_01_13_2_3248b_20201209_147_jpg.rf.582b3bd380cbe33daee6f5c2a8152454.jpg,640,640,Matang,143,409,353,469
craiyon_003923_real_like_Strawberry_from_various_angles_-1-_png_jpg.rf.49bf4b8718225f77c7c5f0cf7e2c63a0.jpg,640,640,Matang,0,251,254,579
craiyon_003923_real_like_Strawberry_from_various_angles_-1-_png_jpg.rf.49bf4b8718225f77c7c5f0cf7e2c63a0.jpg,640,640,Matang,195,79,640,597
craiyon_000048_real_like_Strawberry_from_various_angles__png_jpg.rf.5424aeb1985f9af4dc8c4c9756bc362f.jpg,640,640,Matang,54,139,594,585
craiyon_001206_real_like_Strawberry_from_various_angles__png_jpg.rf.5b379744803ae5d7bdcf770c8e0d3633.jpg,640,640,Matang,64,124,576,529
V006_77_1_08_04_01_13_3_3248b_20201209_135_jpg.rf.59b9cc485585096a137e80c97d1eeaf3.jpg,640,640,Mentah,200,209,456,423
V006_77_0_00_04_01_13_0_c25_20201216_0003_S01_1_jpg.rf.518bb9d9eb4fd7e3a8b6769a11f9227a.jpg,640,640,Mentah,83,117,487,620
2221229500_dbe543401d_b_jpg.rf.5047e331e98b76b10e4223d80c610561.jpg,640,640,Mentah,73,88,478,640
V006_77_0_00_04_01_13_0_c18_20201203_0156_S01_1_JPG_jpg.rf.5b24333e9adef6a6c6784ccd3e74cfd8.jpg,640,640,Mentah,185,222,403,440
V006_77_1_08_04_01_13_3_3108w_20201219_124702_jpg.rf.5bacb2c77659a008092c6b5c21e3fc00.jpg,640,640,Mentah,214,288,323,369
V006_77_0_00_04_01_13_0_c14_20201215_0210_S01_1_jpg.rf.5b536937863f1fbc8cbf5c8cda3ef577.jpg,640,640,Mentah,190,157,461,310
V006_77_0_00_04_01_13_0_c14_20201215_0210_S01_1_jpg.rf.5b536937863f1fbc8cbf5c8cda3ef577.jpg,640,640,Mentah,80,214,282,333
unripe-strawberry-in-the-summer-free-photo_jpg.rf.52ce3860e13c088d8044636ff926dc5c.jpg,640,640,Mentah,26,149,351,537
V006_77_0_00_04_01_13_0_c18_20201203_0236_S01_1_JPG_jpg.rf.60cdb8b7ed0518191332a943cf193bff.jpg,640,640,Mentah,205,204,437,447
V006_77_1_08_04_01_13_3_3108w_20201219_124856_jpg.rf.55f9a4d1437f1983cf5e3d9f199c1f70.jpg,640,640,Mentah,230,240,413,383
V006_77_1_08_04_01_13_3_3108w_20201219_124856_jpg.rf.55f9a4d1437f1983cf5e3d9f199c1f70.jpg,640,640,Mentah,57,317,238,458
craiyon_000410_real_like_Strawberry_from_various_angles__png_jpg.rf.6111f8f355a1f8acfe07ed067e3de91b.jpg,640,640,Matang,1,150,334,598
craiyon_000410_real_like_Strawberry_from_various_angles__png_jpg.rf.6111f8f355a1f8acfe07ed067e3de91b.jpg,640,640,Matang,350,110,640,400
20_png_jpg.rf.638a8feb27a5deb83d8f37f82fc3bfc1.jpg,640,640,Mentah,157,237,216,326
20_png_jpg.rf.638a8feb27a5deb83d8f37f82fc3bfc1.jpg,640,640,Mentah,195,294,262,377
20_png_jpg.rf.638a8feb27a5deb83d8f37f82fc3bfc1.jpg,640,640,Mentah,320,351,380,449
20_png_jpg.rf.638a8feb27a5deb83d8f37f82fc3bfc1.jpg,640,640,Mentah,342,289,380,353
20_png_jpg.rf.638a8feb27a5deb83d8f37f82fc3bfc1.jpg,640,640,Mentah,459,187,499,234
depositphotos_37324945-stock-photo-organic-strawberry-unripe_jpg.rf.628dce1142d25e1cefa625c24214051f.jpg,640,640,Mentah,150,93,389,532
V006_77_0_00_04_01_13_0_c24_20201215_0000_S01_2_JPG_jpg.rf.6062b57961d75b09c3329e36d0781443.jpg,640,640,Mentah,88,129,362,518
craiyon_003709_real_like_Strawberry_from_various_angles_-1-_png_jpg.rf.6556b34c82caa73351a20e3ffd2c9ff0.jpg,640,640,Matang,53,81,640,570
craiyon_010450_real_like_Strawberry_from_various_angles__png_jpg.rf.5931e39b3ab261f60393e852638029a9.jpg,640,640,Matang,131,146,523,518
unripe-fruit-plant-green-food-berries_jpg.rf.604ecd225bb061f3f0bab711f93822b0.jpg,640,640,Mentah,205,143,420,524
craiyon_002116_real_like_Strawberry_from_various_angles__png_jpg.rf.47ed59d3004f16993c87ec4958ea21af.jpg,640,640,Matang,36,61,530,572
craiyon_005759_real_like_Strawberry_from_various_angles__png_jpg.rf.635d6e5866342eb1ba93dfa156c88866.jpg,640,640,Matang,77,72,613,549
images78_jpg.rf.590ca52faad9565f86ea33fadc5c39eb.jpg,640,640,Mentah,199,159,403,438
V006_77_0_00_04_01_13_0_c17_20201218_0484_S01_1_jpg.rf.666479c6fb13233f1e2e849f198e2168.jpg,640,640,Mentah,205,261,478,432
V006_77_0_00_04_01_13_0_c17_20201218_0484_S01_1_jpg.rf.666479c6fb13233f1e2e849f198e2168.jpg,640,640,Mentah,247,121,378,207
V006_77_1_08_04_01_13_3_3108w_20201219_124531_jpg.rf.66a54285aa8d4bcffd86d55cf520c80f.jpg,640,640,Mentah,92,319,237,424
V006_77_1_08_04_01_13_3_3108w_20201219_124531_jpg.rf.66a54285aa8d4bcffd86d55cf520c80f.jpg,640,640,Mentah,244,292,405,416
V006_77_1_08_04_01_13_3_3108w_20201219_124531_jpg.rf.66a54285aa8d4bcffd86d55cf520c80f.jpg,640,640,Mentah,371,357,568,477
young-green-strawberry-growing-on-1274559_jpg.rf.5ca655a1d82db088878ee53b662a8764.jpg,640,640,Mentah,122,163,352,499
craiyon_002001_real_like_Strawberry_from_various_angles__png_jpg.rf.67284a1904c61fd13275be49726311e1.jpg,640,640,Matang,15,52,547,471
craiyon_005323_real_like_Strawberry_from_various_angles__png_jpg.rf.617513e776343498a2a7e999553f9310.jpg,640,640,Matang,67,53,640,579
craiyon_002651_real_like_Strawberry_from_various_angles__png_jpg.rf.66a3cd7e903657921217fe4f763b226f.jpg,640,640,Matang,115,165,474,478
craiyon_005911_real_like_Strawberry_from_various_angles__png_jpg.rf.685ccc04ee501fa334aa3538bb06cf27.jpg,640,640,Matang,75,84,570,541
V006_77_0_00_04_01_13_0_c25_20201216_0007_S01_2_jpg.rf.66c0a0cd2a66ce2056059125a023d7d1.jpg,640,640,Mentah,163,197,466,461
V006_77_0_00_04_01_13_0_c25_20201216_0007_S01_2_jpg.rf.66c0a0cd2a66ce2056059125a023d7d1.jpg,640,640,Mentah,49,112,287,274
V006_77_1_08_04_01_13_3_1886w_20201219_134015_jpg.rf.678b0e1b4a755090bac096e7600b4e4f.jpg,640,640,Mentah,263,220,432,463
V006_77_1_08_04_01_13_3_3108w_20201219_123922_jpg.rf.6427eae605abc2a6acf6a4d9045b9751.jpg,640,640,Mentah,58,293,196,476
V006_77_1_08_04_01_13_3_3108w_20201219_123922_jpg.rf.6427eae605abc2a6acf6a4d9045b9751.jpg,640,640,Mentah,249,220,360,380
V006_77_1_08_04_01_13_3_3108w_20201219_123922_jpg.rf.6427eae605abc2a6acf6a4d9045b9751.jpg,640,640,Mentah,378,217,486,340
V006_77_1_08_04_01_13_3_3108w_20201219_123922_jpg.rf.6427eae605abc2a6acf6a4d9045b9751.jpg,640,640,Mentah,335,324,418,447
V006_77_1_08_04_01_13_3_3108w_20201219_123922_jpg.rf.6427eae605abc2a6acf6a4d9045b9751.jpg,640,640,Mentah,448,380,531,476
craiyon_003820_real_like_Strawberry_from_various_angles__png_jpg.rf.6f4738cff18e88ea433ab0aed42086f5.jpg,640,640,Matang,2,44,550,539
craiyon_005904_real_like_Strawberry_from_various_angles__png_jpg.rf.6c4124dd49f94e65d6f124e1c2c6abf7.jpg,640,640,Matang,131,95,503,543
V006_77_0_00_04_01_13_0_b07_20201111_0004_S01_1_jpg.rf.6d300ada7df5b560e16098c5a265c5c1.jpg,640,640,Mentah,240,109,490,575
1930541576_6b150d97f0_b_jpg.rf.610d6fb5514c73dd0653286c46bef292.jpg,640,640,Mentah,205,204,315,498
1930541576_6b150d97f0_b_jpg.rf.610d6fb5514c73dd0653286c46bef292.jpg,640,640,Mentah,296,362,381,576
1930541576_6b150d97f0_b_jpg.rf.610d6fb5514c73dd0653286c46bef292.jpg,640,640,Mentah,125,359,209,502
craiyon_005324_real_like_Strawberry_from_various_angles__png_jpg.rf.6b1766b4e6ef4dbddef53bb11c738a7e.jpg,640,640,Matang,115,163,553,600
an-unripe-strawberry-growing-in-a-garden-on-natural-brown-soil-that-is-just-starting-to-ripen-T01ET9_jpg.rf.6f75cae995f4b9cd2cf4bcd390521f8c.jpg,640,640,Mentah,172,42,448,519
V006_77_1_08_04_01_13_3_6135w_20201219_123743_jpg.rf.6ca4b5ce9850d5fd7ee7c90a5b5038df.jpg,640,640,Mentah,337,287,451,432
V006_77_1_08_04_01_13_3_6135w_20201219_123743_jpg.rf.6ca4b5ce9850d5fd7ee7c90a5b5038df.jpg,640,640,Mentah,168,210,267,370
craiyon_004402_real_like_Strawberry_from_various_angles_-1-_png_jpg.rf.5d5881251f92ccbf19a7c6ba4ce6e5a1.jpg,640,640,Matang,141,190,491,606
craiyon_002803_real_like_Strawberry_from_various_angles__png_jpg.rf.687eba6f6bf3eb2324f7b7e128c9c821.jpg,640,640,Matang,73,114,590,554
10206_png_jpg.rf.6683309f1cc4b37548668985ed89d389.jpg,640,640,Mentah,5,244,160,544
10206_png_jpg.rf.6683309f1cc4b37548668985ed89d389.jpg,640,640,Mentah,171,445,375,640
10206_png_jpg.rf.6683309f1cc4b37548668985ed89d389.jpg,640,640,Mentah,262,209,436,390
10206_png_jpg.rf.6683309f1cc4b37548668985ed89d389.jpg,640,640,Mentah,492,317,638,524
10206_png_jpg.rf.6683309f1cc4b37548668985ed89d389.jpg,640,640,Mentah,355,378,525,557
10206_png_jpg.rf.6683309f1cc4b37548668985ed89d389.jpg,640,640,Mentah,215,86,321,246
10206_png_jpg.rf.6683309f1cc4b37548668985ed89d389.jpg,640,640,Mentah,303,128,416,243
craiyon_001637_real_like_Strawberry_from_various_angles__png_jpg.rf.667e7714e502b7675ebb294d83158b20.jpg,640,640,Matang,152,211,463,592
V006_77_0_00_04_01_13_0_c14_20201201_0024_S01_1_jpg.rf.6fa1d39cdd3f0f4dbfe5f2fc4374e987.jpg,640,640,Mentah,299,247,514,395
craiyon_000044_real_like_Strawberry_from_various_angles__png_jpg.rf.71e43e9a52b63d6babe91e7f4fd4672f.jpg,640,640,Matang,6,29,599,640
craiyon_003930_real_like_Strawberry_from_various_angles__png_jpg.rf.740b4607cfc5934e757986b5abb2c209.jpg,640,640,Matang,0,48,640,625
craiyon_003926_real_like_Strawberry_from_various_angles__png_jpg.rf.75f5912da7279f7f86a38aada638eba7.jpg,640,640,Matang,0,245,264,596
craiyon_003926_real_like_Strawberry_from_various_angles__png_jpg.rf.75f5912da7279f7f86a38aada638eba7.jpg,640,640,Matang,3,50,290,278
craiyon_003926_real_like_Strawberry_from_various_angles__png_jpg.rf.75f5912da7279f7f86a38aada638eba7.jpg,640,640,Matang,303,69,543,310
craiyon_003926_real_like_Strawberry_from_various_angles__png_jpg.rf.75f5912da7279f7f86a38aada638eba7.jpg,640,640,Matang,301,234,640,617
V006_77_0_00_04_01_13_0_c15_20201215_0000_S01_1_jpg.rf.7608af411a3eb507de8ad2f912743431.jpg,640,640,Mentah,138,207,480,386
V006_77_0_00_04_01_13_0_c15_20201215_0000_S01_1_jpg.rf.7608af411a3eb507de8ad2f912743431.jpg,640,640,Mentah,0,136,174,288
craiyon_005214_real_like_Strawberry_from_various_angles__png_jpg.rf.76592c2d131364c5314d7e263f84a97b.jpg,640,640,Matang,36,86,549,555
163852604-unripe-strawberry-with-green-leaf-isolated-on-white-background_jpg.rf.7855317dea1077f8669dbe5f1cd99cdb.jpg,640,640,Mentah,99,114,463,577
craiyon_004952_real_like_Strawberry_from_various_angles__png_jpg.rf.7948ebf7bff5cea3bec45858e46ecc99.jpg,640,640,Matang,7,150,386,502
craiyon_004952_real_like_Strawberry_from_various_angles__png_jpg.rf.7948ebf7bff5cea3bec45858e46ecc99.jpg,640,640,Matang,384,160,637,473
i-6035939-0_JPG_jpg.rf.7e0a12bee43d9abc48de38ca6c8754d4.jpg,640,640,Mentah,262,223,361,368
i-6035939-0_JPG_jpg.rf.7e0a12bee43d9abc48de38ca6c8754d4.jpg,640,640,Mentah,444,264,585,428
V006_77_1_08_04_01_13_3_4660w_20201219_125206_jpg.rf.7bd98f305bd81c5350f7915df8afea5c.jpg,640,640,Mentah,88,272,340,449
green-strawberry-fruit-isolated-on-a-white-background-unripe-berry-2BY41XT_jpg.rf.7cf793dee832e282c7a40fd47651ac2a.jpg,640,640,Mentah,185,218,403,395
V006_77_0_00_04_01_13_0_c15_20201215_0019_S01_1_jpg.rf.7ceca61793f58720fd843ad3d05144c4.jpg,640,640,Mentah,193,219,486,381
craiyon_003348_real_like_Strawberry_from_various_angles_-1-_png_jpg.rf.7e6dafa6b131f46eb2761f6fa9404c10.jpg,640,640,Matang,182,224,376,394
craiyon_003348_real_like_Strawberry_from_various_angles_-1-_png_jpg.rf.7e6dafa6b131f46eb2761f6fa9404c10.jpg,640,640,Matang,254,43,368,184
craiyon_003348_real_like_Strawberry_from_various_angles_-1-_png_jpg.rf.7e6dafa6b131f46eb2761f6fa9404c10.jpg,640,640,Matang,0,17,112,167
craiyon_003348_real_like_Strawberry_from_various_angles_-1-_png_jpg.rf.7e6dafa6b131f46eb2761f6fa9404c10.jpg,640,640,Matang,2,252,96,425
craiyon_003348_real_like_Strawberry_from_various_angles_-1-_png_jpg.rf.7e6dafa6b131f46eb2761f6fa9404c10.jpg,640,640,Matang,0,515,119,633
craiyon_003348_real_like_Strawberry_from_various_angles_-1-_png_jpg.rf.7e6dafa6b131f46eb2761f6fa9404c10.jpg,640,640,Matang,504,477,624,635
craiyon_003348_real_like_Strawberry_from_various_angles_-1-_png_jpg.rf.7e6dafa6b131f46eb2761f6fa9404c10.jpg,640,640,Matang,521,246,640,374
craiyon_010018_real_like_Strawberry_from_various_angles_-1-_png_jpg.rf.7168e2c75366c68c7c59bb56fd53bfae.jpg,640,640,Matang,153,179,493,576
sp52613_jpg.rf.74bec1344d4384f463370157cb61575a.jpg,640,640,Mentah,177,38,333,164
sp52613_jpg.rf.74bec1344d4384f463370157cb61575a.jpg,640,640,Mentah,19,119,165,247
sp52613_jpg.rf.74bec1344d4384f463370157cb61575a.jpg,640,640,Mentah,177,166,310,303
sp52613_jpg.rf.74bec1344d4384f463370157cb61575a.jpg,640,640,Mentah,287,69,464,252
sp52613_jpg.rf.74bec1344d4384f463370157cb61575a.jpg,640,640,Mentah,442,267,601,409
sp52613_jpg.rf.74bec1344d4384f463370157cb61575a.jpg,640,640,Mentah,443,129,597,276
sp52613_jpg.rf.74bec1344d4384f463370157cb61575a.jpg,640,640,Mentah,425,422,600,585
sp52613_jpg.rf.74bec1344d4384f463370157cb61575a.jpg,640,640,Mentah,214,362,351,503
sp52613_jpg.rf.74bec1344d4384f463370157cb61575a.jpg,640,640,Mentah,43,463,177,584
sp52613_jpg.rf.74bec1344d4384f463370157cb61575a.jpg,640,640,Mentah,269,479,409,626
V006_77_0_00_04_01_13_0_c17_20201218_0436_S01_1_jpg.rf.778dae612cc0fb6b1ab4b2f4cb6a15cd.jpg,640,640,Mentah,126,112,303,277
V006_77_0_00_04_01_13_0_c17_20201218_0436_S01_1_jpg.rf.778dae612cc0fb6b1ab4b2f4cb6a15cd.jpg,640,640,Mentah,248,275,404,420
V006_77_0_00_04_01_13_0_c15_20201215_0045_S01_1_jpg.rf.7a3141bdfe2f4955f95b3c24befbf844.jpg,640,640,Mentah,99,202,514,446
craiyon_002802_real_like_Strawberry_from_various_angles__png_jpg.rf.815eaf4e10ee28e0a87e4f742ffc8603.jpg,640,640,Matang,214,285,521,616
craiyon_002802_real_like_Strawberry_from_various_angles__png_jpg.rf.815eaf4e10ee28e0a87e4f742ffc8603.jpg,640,640,Matang,380,65,640,353
craiyon_002802_real_like_Strawberry_from_various_angles__png_jpg.rf.815eaf4e10ee28e0a87e4f742ffc8603.jpg,640,640,Matang,5,132,276,461
unripe-strawberry-in-a-farm-stock-photograph_csp11345893_jpg.rf.81fb755294a1c018647f35903993e5c5.jpg,640,640,Mentah,127,98,544,567
craiyon_002222_real_like_Strawberry_from_various_angles__png_jpg.rf.83d892ccb5f3147235fe354be9b2ad7d.jpg,640,640,Matang,0,86,590,601
V006_77_0_00_04_01_13_0_c17_20201218_0502_S01_1_jpg.rf.7e98d91a099ae8d09c3221c1d11210b3.jpg,640,640,Mentah,246,274,384,424
V006_77_0_00_04_01_13_0_c17_20201218_0502_S01_1_jpg.rf.7e98d91a099ae8d09c3221c1d11210b3.jpg,640,640,Mentah,0,260,151,374
craiyon_003452_real_like_Strawberry_from_various_angles__png_jpg.rf.7f1c59a9f369c6a73329888ca1104c53.jpg,640,640,Matang,3,150,372,615
craiyon_003452_real_like_Strawberry_from_various_angles__png_jpg.rf.7f1c59a9f369c6a73329888ca1104c53.jpg,640,640,Matang,337,219,635,621
craiyon_001207_real_like_Strawberry_from_various_angles__png_jpg.rf.817f8f698b9fd61b43d4a60ce3d3332f.jpg,640,640,Matang,11,109,587,561
craiyon_005542_real_like_Strawberry_from_various_angles__png_jpg.rf.8698295f0285c5c05d33e0a4dc7dbe11.jpg,640,640,Matang,118,103,516,640
V006_77_0_00_04_01_13_0_c25_20201216_0002_S01_1_jpg.rf.883814065d76f0b9081e98cc9dee12b4.jpg,640,640,Mentah,123,225,503,624
craiyon_005215_real_like_Strawberry_from_various_angles__png_jpg.rf.8247045246070434c60714d2a606115f.jpg,640,640,Matang,3,95,305,540
craiyon_005215_real_like_Strawberry_from_various_angles__png_jpg.rf.8247045246070434c60714d2a606115f.jpg,640,640,Matang,312,152,631,525
craiyon_002220_real_like_Strawberry_from_various_angles__png_jpg.rf.89b7bcf04be06169e862ee26067fd727.jpg,640,640,Matang,126,190,476,580
Strawberry-Unripe-Fruit-Immature-Yellow-Strawberry-5516260_jpg.rf.85920dade0d02d511a017113aad28fc9.jpg,640,640,Mentah,179,68,465,582
r_135_100_jpg.rf.89fed03127d30ddfa1439202e7c67a2a.jpg,640,640,Mentah,45,94,611,576
craiyon_003706_real_like_Strawberry_from_various_angles__png_jpg.rf.8e5ef96d2c07b178687a4725a550b87d.jpg,640,640,Matang,39,145,379,522
craiyon_003706_real_like_Strawberry_from_various_angles__png_jpg.rf.8e5ef96d2c07b178687a4725a550b87d.jpg,640,640,Matang,382,166,637,500
craiyon_005102_real_like_Strawberry_from_various_angles__png_jpg.rf.89d0fa15537dea160fb4da52111af386.jpg,640,640,Matang,27,125,588,558
craiyon_000628_real_like_Strawberry_from_various_angles__png_jpg.rf.8f87857746b95eb2adec8942b193047e.jpg,640,640,Matang,109,50,640,578
V006_77_1_08_04_01_13_3_1886w_20201219_133747_jpg.rf.90e02551cc4bde80cf54bdfe92be48a8.jpg,640,640,Mentah,237,100,488,530
craiyon_005907_real_like_Strawberry_from_various_angles__png_jpg.rf.8a1cbeeebc9e0b2c35b1193e4cf210d9.jpg,640,640,Matang,32,190,335,615
craiyon_005907_real_like_Strawberry_from_various_angles__png_jpg.rf.8a1cbeeebc9e0b2c35b1193e4cf210d9.jpg,640,640,Matang,337,148,634,574
craiyon_005544_real_like_Strawberry_from_various_angles__png_jpg.rf.8da9bbd6fa82e3aef26c7530ee063ab8.jpg,640,640,Matang,111,156,533,604
photo-unripe-strawberry-sony-a6000-wallpaper_jpg.rf.902fe788bc5f032f4bc7c3288d3b846d.jpg,640,640,Mentah,48,219,285,557
young-green-strawberry-growing-on-1274559_jpg.rf.8bd3955e151df2f36a2a48668e990867.jpg,640,640,Mentah,117,143,361,490
craiyon_001854_real_like_Strawberry_from_various_angles__png_jpg.rf.9533924b40f9458615f27f908abf1f47.jpg,640,640,Matang,7,104,637,554
craiyon_002003_real_like_Strawberry_from_various_angles__png_jpg.rf.96d317710623e8c39b05cab9d4303ef2.jpg,640,640,Matang,84,124,507,526
craiyon_000842_real_like_Strawberry_from_various_angles__png_jpg.rf.977da88c244ba9df83dcf943153aa3b1.jpg,640,640,Matang,116,204,536,586
strawberry-755-_jpg.rf.9b70dd8b08bd8094581634739dcab70b.jpg,640,640,Mentah,127,28,505,624
craiyon_002440_real_like_Strawberry_from_various_angles__png_jpg.rf.92050efac5bd5a363b25740c2721580a.jpg,640,640,Matang,4,127,427,515
4929269145_8750eb5e89_b_jpg.rf.8da1d1a617ff2996c0d32692c0469554.jpg,640,640,Mentah,112,229,479,590
craiyon_003707_real_like_Strawberry_from_various_angles__png_jpg.rf.97c3a634fe555bf76a0462b22b8cb143.jpg,640,640,Matang,146,108,543,625
craiyon_003559_real_like_Strawberry_from_various_angles_-1-_png_jpg.rf.92afa9dcd2f00597065b5c3feeef9772.jpg,640,640,Matang,124,35,640,544
images96_jpg.rf.8aaea051809fd0e91df4b2a58e560a73.jpg,640,640,Mentah,220,85,439,506
craiyon_004403_real_like_Strawberry_from_various_angles__png_jpg.rf.9bf81452760d4ca3c614c6b3baae0e77.jpg,640,640,Matang,86,95,586,615
craiyon_001210_real_like_Strawberry_from_various_angles__png_jpg.rf.94d746d17d6bffe32049108947593dbe.jpg,640,640,Matang,116,213,501,640
V006_77_0_00_04_01_13_0_c17_20201218_0684_S01_1_jpg.rf.9b80d8a9543a487ceff7f8f2a20e3668.jpg,640,640,Mentah,217,254,373,466
craiyon_002439_real_like_Strawberry_from_various_angles__png_jpg.rf.9876601da53c4b7bf20dc97e27cbbea8.jpg,640,640,Matang,89,157,475,572
craiyon_003712_real_like_Strawberry_from_various_angles__png_jpg.rf.9553f0b129d06d63b8b79d2c95ef9487.jpg,640,640,Matang,116,128,527,619
craiyon_010602_real_like_Strawberry_from_various_angles__png_jpg.rf.9d62e964852e6fcc1deef590dcf6a533.jpg,640,640,Matang,82,143,454,555
782260he16ft46_jpg.rf.9d887024d0772de76900f24cda4f98fa.jpg,640,640,Mentah,149,307,360,527
782260he16ft46_jpg.rf.9d887024d0772de76900f24cda4f98fa.jpg,640,640,Mentah,252,215,377,360
782260he16ft46_jpg.rf.9d887024d0772de76900f24cda4f98fa.jpg,640,640,Mentah,540,306,640,453
esy-009125621_jpg.rf.9c21f293c2a447162744b0db1324b590.jpg,640,640,Mentah,145,230,339,547
esy-009125621_jpg.rf.9c21f293c2a447162744b0db1324b590.jpg,640,640,Mentah,259,45,457,322
craiyon_004148_real_like_Strawberry_from_various_angles__png_jpg.rf.9f1e77e5759bf5d2e979667fdd50aa7b.jpg,640,640,Matang,135,117,556,544
51281-natbea_xgaplus_jpg.rf.87a341590eed9a26bb94397945e24ebb.jpg,640,640,Mentah,249,375,348,541
51281-natbea_xgaplus_jpg.rf.87a341590eed9a26bb94397945e24ebb.jpg,640,640,Mentah,377,349,444,477
craiyon_010020_real_like_Strawberry_from_various_angles__png_jpg.rf.9270aadfcc70409df99d7daefb3b6b04.jpg,640,640,Matang,48,189,537,550
craiyon_002005_real_like_Strawberry_from_various_angles__png_jpg.rf.9c44daabe4e2e8a11f846ca3b05d61fe.jpg,640,640,Matang,112,100,518,596
V006_77_0_00_04_01_13_0_c17_20201218_0696_S01_1_jpg.rf.a02cc2b27076823e7f5ad1f71cc8938e.jpg,640,640,Mentah,266,312,478,477
craiyon_002328_real_like_Strawberry_from_various_angles__png_jpg.rf.9a5cdfcaa8debabc0bb0e81624b502d6.jpg,640,640,Matang,7,89,594,571
craiyon_004620_real_like_Strawberry_from_various_angles__png_jpg.rf.a0324e7ec5463bb33b104f358b953c46.jpg,640,640,Matang,77,75,565,601
craiyon_003707_real_like_Strawberry_from_various_angles_-1-_png_jpg.rf.a191a51718e012652924c3e289fea2c7.jpg,640,640,Matang,0,3,640,640
V006_77_1_08_04_01_13_3_1886w_20201219_134035_jpg.rf.9f0b9137e7c3d833a9355e232a00f959.jpg,640,640,Mentah,257,242,457,528
V006_77_0_00_04_01_13_0_c14_20201201_0006_S01_1_jpg.rf.a1bdd2f78b1fcc2c97f2d7b90f7ae67d.jpg,640,640,Mentah,168,143,439,293
craiyon_010015_real_like_Strawberry_from_various_angles__png_jpg.rf.9cca8107048653dbe6a3005ac72837b5.jpg,640,640,Matang,50,42,640,562
sp72321_jpg.rf.a60f3b83e96b67c0f7b99a82f55a2be2.jpg,640,640,Mentah,292,306,485,496
sp72321_jpg.rf.a60f3b83e96b67c0f7b99a82f55a2be2.jpg,640,640,Mentah,243,129,367,284
sp72321_jpg.rf.a60f3b83e96b67c0f7b99a82f55a2be2.jpg,640,640,Mentah,105,76,200,212
sp72321_jpg.rf.a60f3b83e96b67c0f7b99a82f55a2be2.jpg,640,640,Mentah,84,201,226,351
V006_77_1_08_04_01_13_3_6135w_20201219_122527_jpg.rf.9f5d65b1b9a6c4a91edeae067d232952.jpg,640,640,Mentah,138,294,287,408
V006_77_1_08_04_01_13_3_6135w_20201219_122527_jpg.rf.9f5d65b1b9a6c4a91edeae067d232952.jpg,640,640,Mentah,298,292,460,398
69401556_jpg.rf.9df4051820a9f8a6e17d434ea7652fef.jpg,640,640,Mentah,181,234,405,415
craiyon_000734_real_like_Strawberry_from_various_angles__png_jpg.rf.a2e36694d249bd1c481a2353c1c3dfeb.jpg,640,640,Matang,195,174,559,560
craiyon_001855_real_like_Strawberry_from_various_angles__png_jpg.rf.a7542395029990a706413ca0ed206d3c.jpg,640,640,Matang,103,57,605,564
craiyon_001426_real_like_Strawberry_from_various_angles_-1-_png_jpg.rf.a6ea52ef5c0f22bd30d7d838b6897c7d.jpg,640,640,Matang,25,153,512,547
craiyon_000627_real_like_Strawberry_from_various_angles__png_jpg.rf.984bb013147b3fdba51f3443129e4d0d.jpg,640,640,Matang,83,104,486,499
craiyon_005426_real_like_Strawberry_from_various_angles__png_jpg.rf.abe427e14c9b88bfbe12cbb5786cb650.jpg,640,640,Matang,74,92,544,640
craiyon_003709_real_like_Strawberry_from_various_angles__png_jpg.rf.9c6c0b072c7c16b0b27ad1f297946080.jpg,640,640,Matang,139,113,558,603
craiyon_005320_real_like_Strawberry_from_various_angles__png_jpg.rf.a9ce15969d60b1bf9ca7b0b2ae72ce01.jpg,640,640,Matang,91,35,640,610
craiyon_002225_real_like_Strawberry_from_various_angles__png_jpg.rf.a4e144c5bdccaac025ad936e4558d6d7.jpg,640,640,Matang,51,144,618,563
V006_77_1_07_04_05_13_1_6135w_20201229_104_jpg.rf.ace3a0b17ffc34ad6ffd1166495250d9.jpg,640,640,Mentah,248,228,480,410
craiyon_010452_real_like_Strawberry_from_various_angles__png_jpg.rf.ade20d5d9f38747a626b93c82f6977aa.jpg,640,640,Matang,56,37,569,624
r_140_100_jpg.rf.9a190e5cfc94e945fe2c979852022cbd.jpg,640,640,Mentah,37,89,575,566
craiyon_001640_real_like_Strawberry_from_various_angles__png_jpg.rf.a382d2c8aca6dfa839e5d7f5126ade7c.jpg,640,640,Matang,144,167,508,600
craiyon_002543_real_like_Strawberry_from_various_angles__png_jpg.rf.a617e6477bd4085a9bfa2f0557c91ef3.jpg,640,640,Matang,234,132,468,406
craiyon_002543_real_like_Strawberry_from_various_angles__png_jpg.rf.a617e6477bd4085a9bfa2f0557c91ef3.jpg,640,640,Matang,0,192,262,432
craiyon_002913_real_like_Strawberry_from_various_angles__png_jpg.rf.9e1da69062ddb8beccecafa00def22f1.jpg,640,640,Matang,0,179,341,513
craiyon_002913_real_like_Strawberry_from_various_angles__png_jpg.rf.9e1da69062ddb8beccecafa00def22f1.jpg,640,640,Matang,372,162,637,546
craiyon_001533_real_like_Strawberry_from_various_angles__png_jpg.rf.a712cfeb54b40b55deeba4414be165c6.jpg,640,640,Matang,0,57,640,555
craiyon_002002_real_like_Strawberry_from_various_angles__png_jpg.rf.a3db2a31b5f2a6c669ebdd3048c281f4.jpg,640,640,Matang,94,62,570,617
V006_77_0_00_04_01_13_0_c17_20201218_0699_S01_1_jpg.rf.ae20fd199c0d9b0f86a6dd43d696bfb4.jpg,640,640,Mentah,211,201,415,392
V006_77_0_00_04_01_13_0_c14_20201215_0143_S01_1_jpg.rf.b119a47f941ca18a2b143549c4837f1a.jpg,640,640,Mentah,119,200,437,349
V006_77_0_00_04_01_13_0_c17_20201218_0336_S01_1_jpg.rf.b033043ca420c8780f4ff4ccc28bf4f2.jpg,640,640,Matang,164,311,423,519
V006_77_0_00_04_01_13_0_c17_20201218_0336_S01_1_jpg.rf.b033043ca420c8780f4ff4ccc28bf4f2.jpg,640,640,Mentah,509,94,640,297
craiyon_010013_real_like_Strawberry_from_various_angles__png_jpg.rf.ae8df488167d65ebf9e562d4f4d5fd2b.jpg,640,640,Matang,132,119,594,610
craiyon_010448_real_like_Strawberry_from_various_angles__png_jpg.rf.ad3cf5386d1b4e36456eecf76b29f833.jpg,640,640,Matang,71,164,361,612
craiyon_010448_real_like_Strawberry_from_various_angles__png_jpg.rf.ad3cf5386d1b4e36456eecf76b29f833.jpg,640,640,Matang,262,253,612,553
craiyon_010342_real_like_Strawberry_from_various_angles__png_jpg.rf.a6cb43a7f8e42bf77cc2b2b257ec7686.jpg,640,640,Matang,242,98,640,500
craiyon_010342_real_like_Strawberry_from_various_angles__png_jpg.rf.a6cb43a7f8e42bf77cc2b2b257ec7686.jpg,640,640,Matang,0,137,308,571
craiyon_004733_real_like_Strawberry_from_various_angles__png_jpg.rf.b270884381a77570201b7f94cb97b9ad.jpg,640,640,Matang,13,86,328,448
craiyon_004733_real_like_Strawberry_from_various_angles__png_jpg.rf.b270884381a77570201b7f94cb97b9ad.jpg,640,640,Matang,283,215,638,536
craiyon_005755_real_like_Strawberry_from_various_angles__png_jpg.rf.a8cfdd7c169ea5fd61c62a5b71456d4d.jpg,640,640,Matang,82,101,506,533
craiyon_002109_real_like_Strawberry_from_various_angles__png_jpg.rf.ace19de3b2ae49622f28bd836ea2e269.jpg,640,640,Matang,4,15,612,603
V006_77_0_00_04_01_13_0_c15_20201215_0066_S01_1_jpg.rf.ae35db0bc19af0dca9b8b5df29f3d7ec.jpg,640,640,Mentah,140,179,505,389
craiyon_001643_real_like_Strawberry_from_various_angles__png_jpg.rf.b1bd783f4cd8cf6b605b9f1170ab492d.jpg,640,640,Matang,137,148,486,621
V006_77_0_00_04_01_13_0_c15_20201203_0010_S01_1_jpg.rf.b3722d76281719bbf176862fe5324e0f.jpg,640,640,Mentah,122,197,448,389
V006_77_1_07_04_02_13_3_3742w_20201219_132617_jpg.rf.b1a9c6224797a55d1c090e4db1786ee9.jpg,640,640,Mentah,213,182,393,387
V006_77_1_08_04_01_13_3_3108w_20201219_132422_jpg.rf.b178e2c53c15a6cabd225084c5bfc90e.jpg,640,640,Mentah,280,209,416,388
V006_77_0_00_04_01_13_0_c14_20201201_0024_S01_1_jpg.rf.b238abfd7a027bc6930d27fb839c25bc.jpg,640,640,Mentah,115,257,344,404
craiyon_003456_real_like_Strawberry_from_various_angles__png_jpg.rf.b4e3a6998be82e451139eef59a41e83b.jpg,640,640,Mentah,0,85,582,570
craiyon_002658_real_like_Strawberry_from_various_angles__png_jpg.rf.b1abe416c8b2d9ded8a28eb199825a0e.jpg,640,640,Matang,148,160,582,556
images83_jpg.rf.b308f9ef2f0dc6070762f8a880201668.jpg,640,640,Mentah,289,322,365,455
images83_jpg.rf.b308f9ef2f0dc6070762f8a880201668.jpg,640,640,Mentah,409,262,474,367
V006_77_0_00_04_01_13_0_b02_20201203_0025_S01_1_jpg.rf.b13a2ff76ae99b8e779465305ab3136d.jpg,640,640,Mentah,95,270,414,558
V006_77_1_08_04_01_13_3_6135w_20201219_123420_jpg.rf.b808bf009f7585b80e1a519abcedc84a.jpg,640,640,Mentah,3,82,162,268
V006_77_1_08_04_01_13_3_6135w_20201219_123420_jpg.rf.b808bf009f7585b80e1a519abcedc84a.jpg,640,640,Mentah,180,155,280,303
V006_77_1_08_04_01_13_3_6135w_20201219_123420_jpg.rf.b808bf009f7585b80e1a519abcedc84a.jpg,640,640,Mentah,219,335,401,460
V006_77_1_08_04_01_13_3_1886w_20201219_133843_jpg.rf.b991851fbf0e21307fff4f609a559e80.jpg,640,640,Mentah,272,149,511,444
unripe-strawberry-with-leaves_151349-1162_jpg.rf.b9f2dc9c0a3c8989fb1c4535f27b0b66.jpg,640,640,Mentah,149,128,476,623
craiyon_001103_real_like_Strawberry_from_various_angles__png_jpg.rf.ba1951b5572279b1c6b5270d2ab6504b.jpg,640,640,Matang,0,74,585,577
unripe-green-strawberry-22257259_jpg.rf.b4519327ca7fcd4e355056c3d8d40bd4.jpg,640,640,Mentah,257,168,450,523
craiyon_004406_real_like_Strawberry_from_various_angles__png_jpg.rf.bc4bdbc44a9986de22165de7875d6c0c.jpg,640,640,Matang,133,381,309,608
craiyon_004406_real_like_Strawberry_from_various_angles__png_jpg.rf.bc4bdbc44a9986de22165de7875d6c0c.jpg,640,640,Matang,361,387,591,622
craiyon_004406_real_like_Strawberry_from_various_angles__png_jpg.rf.bc4bdbc44a9986de22165de7875d6c0c.jpg,640,640,Matang,320,77,529,354
craiyon_004406_real_like_Strawberry_from_various_angles__png_jpg.rf.bc4bdbc44a9986de22165de7875d6c0c.jpg,640,640,Matang,81,82,268,313
craiyon_004406_real_like_Strawberry_from_various_angles__png_jpg.rf.bc4bdbc44a9986de22165de7875d6c0c.jpg,640,640,Matang,0,200,123,423
V006_77_0_00_04_01_13_0_c17_20201218_0692_S01_1_jpg.rf.b83cc4aec36dcd6399b77567afe03be4.jpg,640,640,Mentah,159,179,402,457
craiyon_001748_real_like_Strawberry_from_various_angles__png_jpg.rf.b77975dd43e3926061cf4f581be57515.jpg,640,640,Mentah,28,116,275,357
craiyon_001748_real_like_Strawberry_from_various_angles__png_jpg.rf.b77975dd43e3926061cf4f581be57515.jpg,640,640,Mentah,0,370,260,638
craiyon_001748_real_like_Strawberry_from_various_angles__png_jpg.rf.b77975dd43e3926061cf4f581be57515.jpg,640,640,Mentah,258,0,532,218
craiyon_001748_real_like_Strawberry_from_various_angles__png_jpg.rf.b77975dd43e3926061cf4f581be57515.jpg,640,640,Mentah,202,461,438,640
craiyon_001748_real_like_Strawberry_from_various_angles__png_jpg.rf.b77975dd43e3926061cf4f581be57515.jpg,640,640,Mentah,243,185,504,472
craiyon_001748_real_like_Strawberry_from_various_angles__png_jpg.rf.b77975dd43e3926061cf4f581be57515.jpg,640,640,Mentah,451,420,640,637
craiyon_001748_real_like_Strawberry_from_various_angles__png_jpg.rf.b77975dd43e3926061cf4f581be57515.jpg,640,640,Matang,537,0,639,241
strawberry-579-_jpg.rf.acf9c80b9e20d098b97ab54b9f05df55.jpg,640,640,Mentah,52,167,252,474
strawberry-579-_jpg.rf.acf9c80b9e20d098b97ab54b9f05df55.jpg,640,640,Mentah,382,192,617,471
images120_jpg.rf.c4c56111ab24ffb8f4ff43d5a52f4464.jpg,640,640,Mentah,30,173,303,595
images120_jpg.rf.c4c56111ab24ffb8f4ff43d5a52f4464.jpg,640,640,Mentah,311,139,563,616
craiyon_010455_real_like_Strawberry_from_various_angles__png_jpg.rf.bf2e80c40890250c2e0ab9f173c8ad9c.jpg,640,640,Matang,128,100,573,617
images123_jpg.rf.b2da3ce7caef3118a24e22ae93b9a6b0.jpg,640,640,Mentah,270,418,384,596
images123_jpg.rf.b2da3ce7caef3118a24e22ae93b9a6b0.jpg,640,640,Mentah,470,467,581,590
images123_jpg.rf.b2da3ce7caef3118a24e22ae93b9a6b0.jpg,640,640,Mentah,393,383,497,509
images123_jpg.rf.b2da3ce7caef3118a24e22ae93b9a6b0.jpg,640,640,Mentah,94,422,230,578
images123_jpg.rf.b2da3ce7caef3118a24e22ae93b9a6b0.jpg,640,640,Mentah,58,335,160,490
images123_jpg.rf.b2da3ce7caef3118a24e22ae93b9a6b0.jpg,640,640,Mentah,50,197,145,329
images123_jpg.rf.b2da3ce7caef3118a24e22ae93b9a6b0.jpg,640,640,Mentah,83,72,154,200
images123_jpg.rf.b2da3ce7caef3118a24e22ae93b9a6b0.jpg,640,640,Mentah,140,212,251,352
images123_jpg.rf.b2da3ce7caef3118a24e22ae93b9a6b0.jpg,640,640,Mentah,285,167,380,298
images123_jpg.rf.b2da3ce7caef3118a24e22ae93b9a6b0.jpg,640,640,Mentah,448,217,552,345
images123_jpg.rf.b2da3ce7caef3118a24e22ae93b9a6b0.jpg,640,640,Mentah,430,84,526,192
images123_jpg.rf.b2da3ce7caef3118a24e22ae93b9a6b0.jpg,640,640,Mentah,333,81,422,189
images123_jpg.rf.b2da3ce7caef3118a24e22ae93b9a6b0.jpg,640,640,Mentah,399,166,463,277
images123_jpg.rf.b2da3ce7caef3118a24e22ae93b9a6b0.jpg,640,640,Mentah,324,281,430,379
images123_jpg.rf.b2da3ce7caef3118a24e22ae93b9a6b0.jpg,640,640,Mentah,255,302,346,413
craiyon_005058_real_like_Strawberry_from_various_angles__png_jpg.rf.c3492078ce874117c16a4be8b2e6f033.jpg,640,640,Matang,0,47,640,640
craiyon_002330_real_like_Strawberry_from_various_angles__png_jpg.rf.bd1e42523481afebf9514425bab97f9b.jpg,640,640,Matang,87,231,497,524
craiyon_002220_real_like_Strawberry_from_various_angles_-1-_png_jpg.rf.b6c9e4b6f427ec89972a6a0b7a55c441.jpg,640,640,Matang,38,174,565,640
V006_77_0_00_04_01_13_0_b07_20201127_0037_S01_1_jpg.rf.be73585c1767f74efcbe776d23226da5.jpg,640,640,Mentah,358,192,552,505
craiyon_004734_real_like_Strawberry_from_various_angles__png_jpg.rf.bb4fd499e38b5a5d9dbb44b57d405abb.jpg,640,640,Matang,101,95,611,575
craiyon_004734_real_like_Strawberry_from_various_angles__png_jpg.rf.bb4fd499e38b5a5d9dbb44b57d405abb.jpg,640,640,Matang,3,96,127,262
craiyon_000630_real_like_Strawberry_from_various_angles__png_jpg.rf.c3e06c28fc646093c7227df8ae124a00.jpg,640,640,Matang,14,98,557,620
V006_77_1_08_04_02_13_1_3248b_20201209_146_jpg.rf.be7e370f0a9f7b823ebc1d1638978f4c.jpg,640,640,Matang,253,313,411,409
V006_77_1_08_04_02_13_1_3248b_20201209_146_jpg.rf.be7e370f0a9f7b823ebc1d1638978f4c.jpg,640,640,Mentah,349,194,454,280
craiyon_005316_real_like_Strawberry_from_various_angles__png_jpg.rf.c5576660075bb05d855d73f2420a43ec.jpg,640,640,Matang,0,248,161,513
craiyon_005316_real_like_Strawberry_from_various_angles__png_jpg.rf.c5576660075bb05d855d73f2420a43ec.jpg,640,640,Matang,171,248,362,478
craiyon_005316_real_like_Strawberry_from_various_angles__png_jpg.rf.c5576660075bb05d855d73f2420a43ec.jpg,640,640,Matang,482,127,640,384
V006_77_0_00_04_01_13_0_c15_20201215_0023_S01_1_jpg.rf.bb483f25359d0251426ee73cc1a52ba1.jpg,640,640,Mentah,214,203,599,414
V006_77_0_00_04_01_13_0_c15_20201215_0023_S01_1_jpg.rf.bb483f25359d0251426ee73cc1a52ba1.jpg,640,640,Mentah,0,97,154,312
craiyon_001529_real_like_Strawberry_from_various_angles__png_jpg.rf.c55a71914505e016d605de3fc01e17c4.jpg,640,640,Matang,8,66,640,589
V006_77_0_00_04_01_13_0_c15_20201203_0012_S01_1_jpg.rf.bb5e6418e9558898a42a6db6f42bae43.jpg,640,640,Mentah,138,204,467,443
craiyon_001100_real_like_Strawberry_from_various_angles__png_jpg.rf.bd388375339f505683c60b9e396daee2.jpg,640,640,Matang,0,26,640,560
GettyImages-760290771-16e649ba581b4c229460652507a91ab5_jpg.rf.c50012537ce0cbd98a004923f9166c58.jpg,640,640,Mentah,334,160,492,374
craiyon_000153_real_like_Strawberry_from_various_angles__png_jpg.rf.bc191e4582312963f5e5be4aee1a2303.jpg,640,640,Matang,0,85,640,593
craiyon_001312_real_like_Strawberry_from_various_angles__png_jpg.rf.be99849bd4d2313cc49aac1e263549f7.jpg,640,640,Matang,119,116,603,556
V006_77_0_00_04_01_13_0_c14_20201203_0084_S01_1_jpg.rf.be55dc56f2b80f603117c42334742232.jpg,640,640,Mentah,128,86,426,291
craiyon_005319_real_like_Strawberry_from_various_angles__png_jpg.rf.c6a09e3277e4ac654d1d1204ba1c8505.jpg,640,640,Matang,86,81,583,530
craiyon_004624_real_like_Strawberry_from_various_angles__png_jpg.rf.c6f4f0c57957fd8bcd9fb40be2f30446.jpg,640,640,Matang,0,30,632,640
craiyon_005645_real_like_Strawberry_from_various_angles__png_jpg.rf.c6f3c0eb56e53d2e069b4ebacf1d28f5.jpg,640,640,Matang,118,174,521,549
craiyon_005432_real_like_Strawberry_from_various_angles__png_jpg.rf.c772a4e21f00ab39cdbb7a0509807205.jpg,640,640,Matang,121,112,545,536
2edc5900-ae76-11ed-ab59-fb1ca62c9520_jpg.rf.cfb0b14c4c4881bcd61a1449d9462a84.jpg,640,640,Mentah,200,77,455,453
2edc5900-ae76-11ed-ab59-fb1ca62c9520_jpg.rf.cfb0b14c4c4881bcd61a1449d9462a84.jpg,640,640,Mentah,41,359,228,582
2edc5900-ae76-11ed-ab59-fb1ca62c9520_jpg.rf.cfb0b14c4c4881bcd61a1449d9462a84.jpg,640,640,Mentah,494,378,621,541
craiyon_001535_real_like_Strawberry_from_various_angles__png_jpg.rf.c791aac0c8ef2e1a0ee9bc20845ae331.jpg,640,640,Matang,49,66,640,631
craiyon_005647_real_like_Strawberry_from_various_angles__png_jpg.rf.d3c8f0fd830f6d7240289fd712538f04.jpg,640,640,Matang,23,96,242,356
craiyon_005647_real_like_Strawberry_from_various_angles__png_jpg.rf.d3c8f0fd830f6d7240289fd712538f04.jpg,640,640,Matang,424,142,637,376
craiyon_005647_real_like_Strawberry_from_various_angles__png_jpg.rf.d3c8f0fd830f6d7240289fd712538f04.jpg,640,640,Matang,202,292,475,590
esy-060540187_jpg.rf.cd9f3b009b6f387b7c4b891b5c3623db.jpg,640,640,Mentah,88,201,237,444
esy-060540187_jpg.rf.cd9f3b009b6f387b7c4b891b5c3623db.jpg,640,640,Mentah,197,345,342,564
esy-060540187_jpg.rf.cd9f3b009b6f387b7c4b891b5c3623db.jpg,640,640,Mentah,304,249,417,412
esy-060540187_jpg.rf.cd9f3b009b6f387b7c4b891b5c3623db.jpg,640,640,Mentah,422,371,525,504
esy-060540187_jpg.rf.cd9f3b009b6f387b7c4b891b5c3623db.jpg,640,640,Mentah,541,388,631,509
esy-060540187_jpg.rf.cd9f3b009b6f387b7c4b891b5c3623db.jpg,640,640,Mentah,402,502,509,586
esy-060540187_jpg.rf.cd9f3b009b6f387b7c4b891b5c3623db.jpg,640,640,Mentah,1,198,80,352
craiyon_000954_real_like_Strawberry_from_various_angles__png_jpg.rf.cb9fcdbd380ed511c8941e8b296af6cb.jpg,640,640,Matang,97,112,534,584
strawberry-4197091_1280_jpg.rf.d5dc0e11f147fb671cfa1e2295583582.jpg,640,640,Mentah,149,59,499,593
craiyon_005756_real_like_Strawberry_from_various_angles__png_jpg.rf.d080456943a249f7bd2f04d00ad56b17.jpg,640,640,Matang,81,93,592,552
craiyon_010558_real_like_Strawberry_from_various_angles__png_jpg.rf.cda6f943455a35bdef91ed43c13e48e0.jpg,640,640,Matang,125,235,640,640
V006_77_0_00_04_01_13_0_c17_20201218_0522_S01_1_jpg.rf.cace0e2757dc7852eeb9ce4fc227cfe3.jpg,640,640,Mentah,226,199,444,387
V006_77_0_00_04_01_13_0_c17_20201218_0481_S01_1_jpg.rf.ca88d4126ee3c70ccfafdec52c2ae447.jpg,640,640,Mentah,222,221,449,361
V006_77_0_00_04_01_13_0_c17_20201218_0416_S01_1_jpg.rf.d8084a8d3cdd834411f63af1e1ef166c.jpg,640,640,Mentah,155,204,392,359
Green-20Strawberries_jpg.rf.d9682dfb0d3b48ab1d27fb511ee98884.jpg,640,640,Mentah,188,212,409,456
Green-20Strawberries_jpg.rf.d9682dfb0d3b48ab1d27fb511ee98884.jpg,640,640,Mentah,441,92,627,342
Green-20Strawberries_jpg.rf.d9682dfb0d3b48ab1d27fb511ee98884.jpg,640,640,Mentah,521,386,640,640
Green-20Strawberries_jpg.rf.d9682dfb0d3b48ab1d27fb511ee98884.jpg,640,640,Mentah,4,0,210,108
V006_77_1_08_04_01_13_3_4660w_20201219_125240_jpg.rf.c684e0b67dc0048b51524e74a7e18e54.jpg,640,640,Mentah,179,269,332,373
V006_77_1_08_04_01_13_3_4660w_20201219_125240_jpg.rf.c684e0b67dc0048b51524e74a7e18e54.jpg,640,640,Mentah,135,369,254,453
craiyon_010341_real_like_Strawberry_from_various_angles__png_jpg.rf.d51a67a3162a35d321958ca4887e3bab.jpg,640,640,Matang,0,75,236,334
craiyon_010341_real_like_Strawberry_from_various_angles__png_jpg.rf.d51a67a3162a35d321958ca4887e3bab.jpg,640,640,Matang,237,73,639,526
craiyon_004732_real_like_Strawberry_from_various_angles__png_jpg.rf.d495bf5b4585d72d41de0803ade7efc1.jpg,640,640,Matang,0,119,523,550
body-of-water-under-black-cloudy-sky-wallpaper-preview_jpg.rf.d95b581107408192662d35b18e2cd94f.jpg,640,640,Mentah,62,225,274,562
V006_77_0_00_04_01_13_0_c14_20201215_0050_S01_1_jpg.rf.da7d4c8aef74831859426dd3c9ed12eb.jpg,640,640,Mentah,194,141,435,269
V006_77_0_00_04_01_13_0_b06_20201127_0255_S01_1_jpg.rf.dbcfb390cfa2e5c43b7c20bbf31035c2.jpg,640,640,Mentah,268,292,451,412
V006_77_0_00_04_01_13_0_b06_20201127_0255_S01_1_jpg.rf.dbcfb390cfa2e5c43b7c20bbf31035c2.jpg,640,640,Mentah,0,298,123,416
craiyon_010453_real_like_Strawberry_from_various_angles__png_jpg.rf.d9a327344bce9543c978ae95a6747ee3.jpg,640,640,Matang,19,65,586,561
craiyon_000517_real_like_Strawberry_from_various_angles__png_jpg.rf.cbcb44e5a63a70bf83f9016c338108a5.jpg,640,640,Matang,0,69,322,516
craiyon_004251_real_like_Strawberry_from_various_angles__png_jpg.rf.d613e18000cdf6ce97fea6347f398cbc.jpg,640,640,Matang,72,37,574,621
craiyon_010558_real_like_Strawberry_from_various_angles_-1-_png_jpg.rf.d165bd86375d027f78171ea6021583c5.jpg,640,640,Matang,40,78,596,548
V006_77_0_00_04_01_13_0_c25_20201216_0010_S01_1_jpg.rf.dce8d886650ae252ccc64f9cf18ba702.jpg,640,640,Mentah,123,48,582,485
V006_77_0_00_04_01_13_0_c14_20201201_0006_S01_1_jpg.rf.dd9533b72f2776998ca114249d7088f9.jpg,640,640,Mentah,203,127,473,293
craiyon_003558_real_like_Strawberry_from_various_angles__png_jpg.rf.cbdc9399908aecc8689f67e9807e9194.jpg,640,640,Matang,0,95,628,505
V006_77_1_08_04_01_13_3_3108w_20201219_124231_jpg.rf.cb7ce7999e673bdb80d8ecf45ee5d266.jpg,640,640,Mentah,245,267,404,379
V006_77_1_08_04_01_13_3_3108w_20201219_124231_jpg.rf.cb7ce7999e673bdb80d8ecf45ee5d266.jpg,640,640,Mentah,389,192,548,304
craiyon_002331_real_like_Strawberry_from_various_angles__png_jpg.rf.dd9580d2106be90511a5c353fc58de83.jpg,640,640,Matang,108,154,552,559
craiyon_004142_real_like_Strawberry_from_various_angles__png_jpg.rf.d07a63255d0af14e7c3937067d109793.jpg,640,640,Matang,135,174,470,614
craiyon_002911_real_like_Strawberry_from_various_angles__png_jpg.rf.de38d92eb7e69380ca301cb2b8be6db6.jpg,640,640,Matang,101,169,547,616
craiyon_003017_real_like_Strawberry_from_various_angles__png_jpg.rf.dd6b5bfccee96a8d4420c4d3dd260c74.jpg,640,640,Matang,30,101,457,509
craiyon_001745_real_like_Strawberry_from_various_angles__png_jpg.rf.de809ecc7dd1f85911214a6b0a94ce78.jpg,640,640,Matang,124,102,564,516
V006_77_0_00_04_01_13_0_b02_20201203_0025_S01_1_jpg.rf.e0679862b5e79824cb5d66fc18f51182.jpg,640,640,Mentah,233,272,549,560
craiyon_000409_real_like_Strawberry_from_various_angles__png_jpg.rf.dbac1951b7faf0cb3027849ee87e86f2.jpg,640,640,Matang,124,148,496,521
images78_jpg.rf.e15bba282133e9c012a912a7038ab836.jpg,640,640,Mentah,185,157,399,436
V006_77_0_00_04_01_13_0_c15_20201215_0000_S01_1_jpg.rf.e12c070f220fd23af8356cf9c1394bc6.jpg,640,640,Mentah,168,168,511,391
V006_77_0_00_04_01_13_0_c15_20201215_0000_S01_1_jpg.rf.e12c070f220fd23af8356cf9c1394bc6.jpg,640,640,Mentah,462,146,640,285
V006_77_0_00_04_01_13_0_c17_20201218_0678_S01_1_jpg.rf.e30ad6e7f1d4b5476817abaedcdff150.jpg,640,640,Mentah,226,216,499,405
c163a0bb12861ecd9e4561bf61f72428-png_720x720q80_png_jpg.rf.df48e8582b8cb85c88207444b91d580a.jpg,640,640,Mentah,110,195,306,446
c163a0bb12861ecd9e4561bf61f72428-png_720x720q80_png_jpg.rf.df48e8582b8cb85c88207444b91d580a.jpg,640,640,Mentah,324,210,479,465
c163a0bb12861ecd9e4561bf61f72428-png_720x720q80_png_jpg.rf.df48e8582b8cb85c88207444b91d580a.jpg,640,640,Mentah,202,359,362,593
c163a0bb12861ecd9e4561bf61f72428-png_720x720q80_png_jpg.rf.df48e8582b8cb85c88207444b91d580a.jpg,640,640,Mentah,495,255,567,368
c163a0bb12861ecd9e4561bf61f72428-png_720x720q80_png_jpg.rf.df48e8582b8cb85c88207444b91d580a.jpg,640,640,Mentah,566,293,629,398
craiyon_001102_real_like_Strawberry_from_various_angles__png_jpg.rf.e18bfa90f1628d0c95b0c9a566e0f090.jpg,640,640,Matang,177,191,479,535
craiyon_003451_real_like_Strawberry_from_various_angles__png_jpg.rf.e2f511aaa62a4e330676544a986ba4bf.jpg,640,640,Matang,403,240,610,483
craiyon_003451_real_like_Strawberry_from_various_angles__png_jpg.rf.e2f511aaa62a4e330676544a986ba4bf.jpg,640,640,Matang,51,183,296,500
craiyon_001858_real_like_Strawberry_from_various_angles__png_jpg.rf.de7e4d754a25709d6811734a58381c95.jpg,640,640,Matang,55,60,607,532
craiyon_000301_real_like_Strawberry_from_various_angles_-1-_png_jpg.rf.db9892e6cbbeb843f3d24bbe1cb8687d.jpg,640,640,Matang,51,115,472,527
craiyon_004257_real_like_Strawberry_from_various_angles__png_jpg.rf.e2b27a3712e3cb4b5c6533f3b0bc0b49.jpg,640,640,Matang,0,78,608,582
craiyon_002004_real_like_Strawberry_from_various_angles__png_jpg.rf.e28aed06af96960d9241cc0af3c8a081.jpg,640,640,Matang,77,83,617,594
craiyon_004729_real_like_Strawberry_from_various_angles__png_jpg.rf.c1967a55ace2260f09b294a2c7af3733.jpg,640,640,Matang,150,88,572,620
V006_77_0_00_04_01_13_0_c17_20201218_0510_S01_1_jpg.rf.e313629ed2bf714c9cefd0850141c474.jpg,640,640,Mentah,223,221,394,526
V006_77_1_08_04_01_13_3_4660w_20201219_130212_jpg.rf.e2c94d0f821246ab0551ec3d54518433.jpg,640,640,Mentah,245,140,463,231
V006_77_1_08_04_01_13_3_4660w_20201219_130212_jpg.rf.e2c94d0f821246ab0551ec3d54518433.jpg,640,640,Mentah,202,362,339,464
V006_77_1_07_04_02_13_3_3248b_20201219_115818_jpg.rf.e4c3c9165fd29612435d2276be6d96ed.jpg,640,640,Mentah,217,152,358,287
V006_77_1_07_04_02_13_3_3248b_20201219_115818_jpg.rf.e4c3c9165fd29612435d2276be6d96ed.jpg,640,640,Mentah,312,305,432,393
V006_77_1_07_04_02_13_3_3248b_20201219_115818_jpg.rf.e4c3c9165fd29612435d2276be6d96ed.jpg,640,640,Mentah,466,222,573,296
pah-210506-99-485580-dpai_jpg.rf.e4203d78e0fbfa74a0863b7a30a16b6e.jpg,640,640,Mentah,82,215,295,561
pah-210506-99-485580-dpai_jpg.rf.e4203d78e0fbfa74a0863b7a30a16b6e.jpg,640,640,Mentah,287,70,408,276
V006_77_0_00_04_01_13_0_c17_20201218_0533_S01_1_jpg.rf.e5df5f94dc948ee324b2f63008a1fc14.jpg,640,640,Mentah,189,208,378,354
V006_77_0_00_04_01_13_0_c18_20201203_0042_S01_1_JPG_jpg.rf.e43291b5ae4baf4882ffb42b1482365d.jpg,640,640,Mentah,148,203,429,470
images92_jpg.rf.e7e81a09199334dc45875a42c7de335b.jpg,640,640,Mentah,140,342,242,498
images92_jpg.rf.e7e81a09199334dc45875a42c7de335b.jpg,640,640,Mentah,249,354,388,559
images92_jpg.rf.e7e81a09199334dc45875a42c7de335b.jpg,640,640,Mentah,418,293,508,444
images88_jpg.rf.eb06b64dced2311ce55e1e1749234723.jpg,640,640,Mentah,274,185,387,371
images88_jpg.rf.eb06b64dced2311ce55e1e1749234723.jpg,640,640,Mentah,444,146,532,287
images88_jpg.rf.eb06b64dced2311ce55e1e1749234723.jpg,640,640,Mentah,204,99,282,221
craiyon_001318_real_like_Strawberry_from_various_angles__png_jpg.rf.df04b414f543420023751f5b72d4f628.jpg,640,640,Matang,44,38,638,619
craiyon_000948_real_like_Strawberry_from_various_angles__png_jpg.rf.e6a48bda39dcb25b1175f80b1e7dee18.jpg,640,640,Matang,99,84,613,561
gwg-jly990_jpg.rf.e1495368c9c2e8b3bb61b93df88d92d5.jpg,640,640,Mentah,93,199,489,522
V006_77_0_00_04_01_13_0_c15_20201215_0019_S01_1_jpg.rf.e8a3e2f8dd4547c75f60f00dcedc7dda.jpg,640,640,Mentah,155,235,449,390
V006_77_0_00_04_01_13_0_b02_20201203_0060_S01_1_jpg.rf.e66b56e59136b75353c54261d1ce48f1.jpg,640,640,Mentah,110,167,473,483
EwXLkoHWEAMfb9N_jpg.rf.ed0f779d5cf3d3029311f26a9c18bf7f.jpg,640,640,Mentah,404,299,496,441
EwXLkoHWEAMfb9N_jpg.rf.ed0f779d5cf3d3029311f26a9c18bf7f.jpg,640,640,Mentah,233,231,383,451
EwXLkoHWEAMfb9N_jpg.rf.ed0f779d5cf3d3029311f26a9c18bf7f.jpg,640,640,Mentah,132,330,258,490
craiyon_004846_real_like_Strawberry_from_various_angles__png_jpg.rf.e98cd42ad77f27ecd070a06d7d8c021c.jpg,640,640,Matang,61,70,316,337
craiyon_004846_real_like_Strawberry_from_various_angles__png_jpg.rf.e98cd42ad77f27ecd070a06d7d8c021c.jpg,640,640,Matang,315,0,603,220
craiyon_004846_real_like_Strawberry_from_various_angles__png_jpg.rf.e98cd42ad77f27ecd070a06d7d8c021c.jpg,640,640,Matang,177,310,513,637
craiyon_004147_real_like_Strawberry_from_various_angles__png_jpg.rf.e6aa370195be4491c56708d988eae0a6.jpg,640,640,Matang,40,45,636,544
V006_77_0_00_04_01_13_0_c14_20201215_0148_S01_1_jpg.rf.eba8a32cef1affba9146f5c3e188cf47.jpg,640,640,Mentah,263,192,494,343
craiyon_002546_real_like_Strawberry_from_various_angles__png_jpg.rf.ed492ce28f9b5aa467a8809489b7c6ba.jpg,640,640,Matang,137,1,557,594
craiyon_002546_real_like_Strawberry_from_various_angles__png_jpg.rf.ed492ce28f9b5aa467a8809489b7c6ba.jpg,640,640,Matang,0,316,266,640
V006_77_0_00_04_01_13_0_c17_20201218_0526_S01_1_jpg.rf.ef46d775b72867582dad1fdf288ca676.jpg,640,640,Mentah,292,219,416,404
V006_77_0_00_04_01_13_0_c14_20201215_0148_S01_1_jpg.rf.ee98e7d6683c3da530f3c481f1cb18b9.jpg,640,640,Mentah,148,198,377,347
craiyon_010128_real_like_Strawberry_from_various_angles__png_jpg.rf.efb89040f87f9cddde09924abd2406d7.jpg,640,640,Matang,11,158,616,603
V006_77_1_08_04_01_13_3_4660w_20201219_130048_1_jpg.rf.e47db8c2b842adfbaff19c26f25818e5.jpg,640,640,Mentah,212,234,385,412
V006_77_1_08_04_01_13_3_4660w_20201219_130048_1_jpg.rf.e47db8c2b842adfbaff19c26f25818e5.jpg,640,640,Mentah,531,321,640,462
homegrown-unripe-strawberries-with-the-strawberries-just-starting-to-turn-red-TTCX78_jpg.rf.ef7757205adcac249a1a0edf0df00854.jpg,640,640,Mentah,267,363,372,508
homegrown-unripe-strawberries-with-the-strawberries-just-starting-to-turn-red-TTCX78_jpg.rf.ef7757205adcac249a1a0edf0df00854.jpg,640,640,Mentah,445,317,533,459
homegrown-unripe-strawberries-with-the-strawberries-just-starting-to-turn-red-TTCX78_jpg.rf.ef7757205adcac249a1a0edf0df00854.jpg,640,640,Mentah,306,188,394,329
craiyon_010454_real_like_Strawberry_from_various_angles__png_jpg.rf.e96567f0d066cac2477a602f4f283e43.jpg,640,640,Matang,136,164,510,626
14728041_jpg.rf.e95a2274e6b96a1bb43605e2a89b5072.jpg,640,640,Mentah,127,171,483,467
craiyon_002915_real_like_Strawberry_from_various_angles__png_jpg.rf.ee6cd663915d5c7d3ca60ed90f783794.jpg,640,640,Matang,104,4,627,599
craiyon_004514_real_like_Strawberry_from_various_angles__png_jpg.rf.e81db561295a74b88eb893fa1c7d282a.jpg,640,640,Matang,28,85,580,535
V006_77_0_00_04_01_13_0_c14_20201203_0040_S01_1_jpg.rf.f278d9c7841793c6f3b95d1c4f124412.jpg,640,640,Mentah,170,154,463,320
V006_77_0_00_04_01_13_0_c14_20201203_0040_S01_1_jpg.rf.f278d9c7841793c6f3b95d1c4f124412.jpg,640,640,Mentah,455,51,638,152
unripe-strawberry-wooden-board-27005096_jpg.rf.e646e53a0641e840a87151042967e1d8.jpg,640,640,Mentah,123,261,527,580
V006_77_0_00_04_01_13_0_c18_20201203_0140_S01_1_JPG_jpg.rf.e77718ab269d28e80b52a27b8c2e5abc.jpg,640,640,Mentah,184,204,479,493
craiyon_000631_real_like_Strawberry_from_various_angles__png_jpg.rf.f3086d9378a23d9addb95968ab23a8e0.jpg,640,640,Matang,61,42,567,599
craiyon_004404_real_like_Strawberry_from_various_angles__png_jpg.rf.f36ac3a628b2cf69088461318dd7ac8f.jpg,640,640,Matang,3,114,223,536
craiyon_004404_real_like_Strawberry_from_various_angles__png_jpg.rf.f36ac3a628b2cf69088461318dd7ac8f.jpg,640,640,Matang,225,90,640,608
bc9d5-p1040324_jpg.rf.f73c4c407b8df5207e449c59fbaf7f33.jpg,640,640,Mentah,259,228,409,464
craiyon_004956_real_like_Strawberry_from_various_angles__png_jpg.rf.f08b967a82b012af899c17b00c6d5e66.jpg,640,640,Matang,39,73,398,398
craiyon_004956_real_like_Strawberry_from_various_angles__png_jpg.rf.f08b967a82b012af899c17b00c6d5e66.jpg,640,640,Matang,400,10,637,374
craiyon_004956_real_like_Strawberry_from_various_angles__png_jpg.rf.f08b967a82b012af899c17b00c6d5e66.jpg,640,640,Matang,388,365,640,637
V006_77_0_00_04_01_13_0_b06_20201127_0255_S01_1_jpg.rf.ee0ab513ff7834241a2c139344cff4ee.jpg,640,640,Mentah,189,269,410,417
V006_77_0_00_04_01_13_0_b06_20201127_0255_S01_1_jpg.rf.ee0ab513ff7834241a2c139344cff4ee.jpg,640,640,Mentah,513,302,640,407
craiyon_001208_real_like_Strawberry_from_various_angles__png_jpg.rf.fcd4207bf94f48204e03ea41bebd7bff.jpg,640,640,Matang,14,116,531,570
craiyon_000047_real_like_Strawberry_from_various_angles__png_jpg.rf.f8cca6fd99874a3a011d5101d871fa14.jpg,640,640,Matang,35,114,557,544
craiyon_005105_real_like_Strawberry_from_various_angles__png_jpg.rf.f3229a60b6c7c668d38c16628cd307fd.jpg,640,640,Matang,177,142,560,542
craiyon_004145_real_like_Strawberry_from_various_angles__png_jpg.rf.fdf36ab8fdc6f23bc48c37f747f6c95f.jpg,640,640,Matang,150,111,483,508
images89_jpg.rf.faa46f9917ce598b3f86f9ef0f841c44.jpg,640,640,Mentah,100,217,504,525
craiyon_004949_real_like_Strawberry_from_various_angles_-1-_png_jpg.rf.fe12ebbef2b48cedc4c4d7eb0617203f.jpg,640,640,Matang,91,137,519,624
craiyon_002224_real_like_Strawberry_from_various_angles__png_jpg.rf.fe91d8f0121c183e0567856ed1803610.jpg,640,640,Matang,0,0,640,571
il_340x270-3211485781_1vg5_jpg.rf.f5af6dd3426261f84627e459c1312147.jpg,640,640,Mentah,120,106,528,556
V006_77_0_00_04_01_13_0_c14_20201215_0118_S01_1_jpg.rf.fe018bf814f02c3e3677e5bed7d44250.jpg,640,640,Mentah,160,207,382,358
V006_77_0_00_04_01_13_0_c17_20201218_0682_S01_1_jpg.rf.f3f85bb95c408a0f07cf4eb077b3d5f0.jpg,640,640,Mentah,210,271,432,455
craiyon_002115_real_like_Strawberry_from_various_angles_-1-_png_jpg.rf.f4c1a04283644d9c7c47d2d51e3199d5.jpg,640,640,Matang,140,185,447,536
1000_F_234158233_JFgkpmjz1svgcylAPIBKrsOPQriy2YCB_jpg.rf.f906a7da01020f6d9700fb5ccca68559.jpg,640,640,Mentah,204,332,496,526